n,p,repeticion,seed,esperanza_ideal,razon_ideal,probabilidad_optimo_ideal,shots,esperanza_muestral,razon_muestral,shots_optimos,frecuencia_optimo,encontro_optimo,bitstring_mas_frecuente,costo_bitstring_mas_frecuente,frecuencia_mas_alta,bitstring_mejor_observado,costo_mejor_observado
6,1,1,603027,32.11344632476574,0.8384320074488437,0.1574175064698995,512,32.13816622897144,0.8390774056006811,78,0.15234375,True,011101,38.30178957666869,0.08203125,011101,38.30178957666869
6,1,2,603028,32.11344632476574,0.8384320074488437,0.1574175064698995,512,32.11307558327404,0.8384223279666111,86,0.16796875,True,100010,38.30178957666869,0.09765625,100010,38.30178957666869
6,1,3,603029,32.11344632476574,0.8384320074488437,0.1574175064698995,512,31.943646405301493,0.8339987963290746,57,0.111328125,True,001111,32.5239569467961,0.080078125,100010,38.30178957666869
6,1,4,603030,32.11344632476574,0.8384320074488437,0.1574175064698995,512,32.0818112790627,0.8376060657356343,87,0.169921875,True,100010,38.30178957666869,0.08984375,100010,38.30178957666869
6,1,5,603031,32.11344632476574,0.8384320074488437,0.1574175064698995,512,32.17140477271047,0.839945212147196,88,0.171875,True,100010,38.30178957666869,0.08984375,100010,38.30178957666869
6,1,6,603032,32.11344632476574,0.8384320074488437,0.1574175064698995,512,31.912616239213705,0.8331886470794007,70,0.13671875,True,001111,32.5239569467961,0.09375,100010,38.30178957666869
6,1,7,603033,32.11344632476574,0.8384320074488437,0.1574175064698995,512,32.19778121075491,0.8406338598144474,74,0.14453125,True,011101,38.30178957666869,0.080078125,011101,38.30178957666869
6,1,8,603034,32.11344632476574,0.8384320074488437,0.1574175064698995,512,32.24405107724532,0.8418418938776124,79,0.154296875,True,011101,38.30178957666869,0.0859375,011101,38.30178957666869
6,1,9,603035,32.11344632476574,0.8384320074488437,0.1574175064698995,512,32.26574895586417,0.8424083916537716,77,0.150390625,True,011101,38.30178957666869,0.080078125,011101,38.30178957666869
6,1,10,603036,32.11344632476574,0.8384320074488437,0.1574175064698995,512,32.17338677208093,0.8399969590601288,90,0.17578125,True,100010,38.30178957666869,0.09375,100010,38.30178957666869
6,1,11,603037,32.11344632476574,0.8384320074488437,0.1574175064698995,512,31.72653537853852,0.8283303659722937,69,0.134765625,True,001111,32.5239569467961,0.07421875,100010,38.30178957666869
6,1,12,603038,32.11344632476574,0.8384320074488437,0.1574175064698995,512,31.991335328782515,0.8352438797574587,66,0.12890625,True,011001,36.334643907165976,0.0859375,100010,38.30178957666869
6,1,13,603039,32.11344632476574,0.8384320074488437,0.1574175064698995,512,32.52470397333308,0.8491693033584731,85,0.166015625,True,110000,32.5239569467961,0.107421875,100010,38.30178957666869
6,1,14,603040,32.11344632476574,0.8384320074488437,0.1574175064698995,512,32.38136276534544,0.8454268879369761,82,0.16015625,True,011101,38.30178957666869,0.087890625,011101,38.30178957666869
6,1,15,603041,32.11344632476574,0.8384320074488437,0.1574175064698995,512,32.30803711758726,0.843512469614332,65,0.126953125,True,011001,36.334643907165976,0.083984375,100010,38.30178957666869
6,1,16,603042,32.11344632476574,0.8384320074488437,0.1574175064698995,512,32.17382308326906,0.8400083504648892,83,0.162109375,True,100010,38.30178957666869,0.087890625,100010,38.30178957666869
6,1,17,603043,32.11344632476574,0.8384320074488437,0.1574175064698995,512,32.44641602393568,0.8471253270779923,98,0.19140625,True,100010,38.30178957666869,0.1015625,100010,38.30178957666869
6,1,18,603044,32.11344632476574,0.8384320074488437,0.1574175064698995,512,32.52722556967886,0.849235138307011,78,0.15234375,True,011001,36.334643907165976,0.083984375,011101,38.30178957666869
6,1,19,603045,32.11344632476574,0.8384320074488437,0.1574175064698995,512,32.33292986609733,0.8441623804614317,88,0.171875,True,011001,36.334643907165976,0.091796875,011101,38.30178957666869
6,1,20,603046,32.11344632476574,0.8384320074488437,0.1574175064698995,512,32.08993271569165,0.8378181037818571,70,0.13671875,True,110000,32.5239569467961,0.078125,100010,38.30178957666869
6,1,21,603047,32.11344632476574,0.8384320074488437,0.1574175064698995,512,32.11952267418229,0.8385906514569567,86,0.16796875,True,100010,38.30178957666869,0.091796875,100010,38.30178957666869
6,1,22,603048,32.11344632476574,0.8384320074488437,0.1574175064698995,512,32.08282604385909,0.837632559662095,75,0.146484375,True,001111,32.5239569467961,0.0859375,100010,38.30178957666869
6,1,23,603049,32.11344632476574,0.8384320074488437,0.1574175064698995,512,31.828094070838304,0.8309819050627313,82,0.16015625,True,100010,38.30178957666869,0.087890625,100010,38.30178957666869
6,1,24,603050,32.11344632476574,0.8384320074488437,0.1574175064698995,512,32.00132962962933,0.8355048153679597,82,0.16015625,True,011101,38.30178957666869,0.08203125,011101,38.30178957666869
6,1,25,603051,32.11344632476574,0.8384320074488437,0.1574175064698995,512,32.2277199647849,0.8414155139971853,89,0.173828125,True,100010,38.30178957666869,0.09375,100010,38.30178957666869
6,1,26,603052,32.11344632476574,0.8384320074488437,0.1574175064698995,512,32.00675033753343,0.8356463415985569,67,0.130859375,True,110100,30.556811277293395,0.0703125,100010,38.30178957666869
6,1,27,603053,32.11344632476574,0.8384320074488437,0.1574175064698995,512,32.23972870343481,0.8417290434375121,87,0.169921875,True,011101,38.30178957666869,0.087890625,011101,38.30178957666869
6,1,28,603054,32.11344632476574,0.8384320074488437,0.1574175064698995,512,32.058248981628985,0.8369908908914999,84,0.1640625,True,011101,38.30178957666869,0.10546875,011101,38.30178957666869
6,1,29,603055,32.11344632476574,0.8384320074488437,0.1574175064698995,512,32.2495411786028,0.8419852318630687,83,0.162109375,True,100010,38.30178957666869,0.09375,100010,38.30178957666869
6,1,30,603056,32.11344632476574,0.8384320074488437,0.1574175064698995,512,32.391267296283175,0.8456854797951335,90,0.17578125,True,011101,38.30178957666869,0.09375,011101,38.30178957666869
6,2,1,604027,33.631223127940316,0.8780587930350287,0.2184214864847911,512,33.63061510067949,0.8780429183913756,115,0.224609375,True,011101,38.30178957666869,0.1171875,011101,38.30178957666869
6,2,2,604028,33.631223127940316,0.8780587930350287,0.2184214864847911,512,33.50161941128069,0.874675042090554,113,0.220703125,True,011101,38.30178957666869,0.130859375,011101,38.30178957666869
6,2,3,604029,33.631223127940316,0.8780587930350287,0.2184214864847911,512,33.61399734665051,0.8776090547465675,110,0.21484375,True,100010,38.30178957666869,0.107421875,100010,38.30178957666869
6,2,4,604030,33.631223127940316,0.8780587930350287,0.2184214864847911,512,33.784193201166424,0.8820526031131345,108,0.2109375,True,011101,38.30178957666869,0.134765625,011101,38.30178957666869
6,2,5,604031,33.631223127940316,0.8780587930350287,0.2184214864847911,512,33.58390328982231,0.8768233458499397,119,0.232421875,True,100010,38.30178957666869,0.119140625,100010,38.30178957666869
6,2,6,604032,33.631223127940316,0.8780587930350287,0.2184214864847911,512,33.72627396143332,0.8805404220800486,101,0.197265625,True,100010,38.30178957666869,0.107421875,100010,38.30178957666869
6,2,7,604033,33.631223127940316,0.8780587930350287,0.2184214864847911,512,33.67116831241442,0.8791016995131388,107,0.208984375,True,011101,38.30178957666869,0.11328125,011101,38.30178957666869
6,2,8,604034,33.631223127940316,0.8780587930350287,0.2184214864847911,512,33.521538091949246,0.8751950877826226,111,0.216796875,True,100010,38.30178957666869,0.11328125,100010,38.30178957666869
6,2,9,604035,33.631223127940316,0.8780587930350287,0.2184214864847911,512,33.472814500055236,0.8739229907753852,118,0.23046875,True,100010,38.30178957666869,0.1171875,100010,38.30178957666869
6,2,10,604036,33.631223127940316,0.8780587930350287,0.2184214864847911,512,33.68249375135783,0.8793973890636321,117,0.228515625,True,100010,38.30178957666869,0.1171875,100010,38.30178957666869
6,2,11,604037,33.631223127940316,0.8780587930350287,0.2184214864847911,512,33.85181560865935,0.8838181187257984,119,0.232421875,True,011101,38.30178957666869,0.1171875,011101,38.30178957666869
6,2,12,604038,33.631223127940316,0.8780587930350287,0.2184214864847911,512,33.4915006335746,0.8744108565833604,109,0.212890625,True,100010,38.30178957666869,0.115234375,100010,38.30178957666869
6,2,13,604039,33.631223127940316,0.8780587930350287,0.2184214864847911,512,33.54215024501989,0.8757332389577437,105,0.205078125,True,100010,38.30178957666869,0.103515625,100010,38.30178957666869
6,2,14,604040,33.631223127940316,0.8780587930350287,0.2184214864847911,512,33.686379469341254,0.8794988391009864,120,0.234375,True,011101,38.30178957666869,0.125,011101,38.30178957666869
6,2,15,604041,33.631223127940316,0.8780587930350287,0.2184214864847911,512,33.54293783838792,0.8757538017924495,117,0.228515625,True,011101,38.30178957666869,0.12890625,011101,38.30178957666869
6,2,16,604042,33.631223127940316,0.8780587930350287,0.2184214864847911,512,33.600464179880234,0.8772557248651343,96,0.1875,True,011101,38.30178957666869,0.09765625,011101,38.30178957666869
6,2,17,604043,33.631223127940316,0.8780587930350287,0.2184214864847911,512,34.10000146891097,0.8902978645284376,126,0.24609375,True,100010,38.30178957666869,0.125,100010,38.30178957666869
6,2,18,604044,33.631223127940316,0.8780587930350287,0.2184214864847911,512,33.59261715585164,0.8770508513040018,122,0.23828125,True,011101,38.30178957666869,0.123046875,011101,38.30178957666869
6,2,19,604045,33.631223127940316,0.8780587930350287,0.2184214864847911,512,33.48726876808817,0.8743003691744675,109,0.212890625,True,100010,38.30178957666869,0.111328125,100010,38.30178957666869
6,2,20,604046,33.631223127940316,0.8780587930350287,0.2184214864847911,512,33.41719139626923,0.8724707582713992,111,0.216796875,True,011101,38.30178957666869,0.115234375,011101,38.30178957666869
6,2,21,604047,33.631223127940316,0.8780587930350287,0.2184214864847911,512,33.76762843234512,0.8816201228294764,110,0.21484375,True,011101,38.30178957666869,0.125,011101,38.30178957666869
6,2,22,604048,33.631223127940316,0.8780587930350287,0.2184214864847911,512,33.930455586719184,0.8858712859257196,109,0.212890625,True,011101,38.30178957666869,0.123046875,011101,38.30178957666869
6,2,23,604049,33.631223127940316,0.8780587930350287,0.2184214864847911,512,33.83245971224454,0.8833127664530178,108,0.2109375,True,100010,38.30178957666869,0.12890625,100010,38.30178957666869
6,2,24,604050,33.631223127940316,0.8780587930350287,0.2184214864847911,512,33.32544110433368,0.8700753012197461,117,0.228515625,True,100010,38.30178957666869,0.1328125,100010,38.30178957666869
6,2,25,604051,33.631223127940316,0.8780587930350287,0.2184214864847911,512,33.53586094075818,0.8755690350306947,100,0.1953125,True,100010,38.30178957666869,0.1171875,100010,38.30178957666869
6,2,26,604052,33.631223127940316,0.8780587930350287,0.2184214864847911,512,33.75726357739523,0.8813495126291676,117,0.228515625,True,100010,38.30178957666869,0.123046875,100010,38.30178957666869
6,2,27,604053,33.631223127940316,0.8780587930350287,0.2184214864847911,512,33.80227521668614,0.88252469634217,124,0.2421875,True,100010,38.30178957666869,0.123046875,100010,38.30178957666869
6,2,28,604054,33.631223127940316,0.8780587930350287,0.2184214864847911,512,33.511217552549724,0.8749256345922304,96,0.1875,True,110000,32.5239569467961,0.09765625,100010,38.30178957666869
6,2,29,604055,33.631223127940316,0.8780587930350287,0.2184214864847911,512,33.497798031136824,0.8745752718138654,117,0.228515625,True,011101,38.30178957666869,0.123046875,011101,38.30178957666869
6,2,30,604056,33.631223127940316,0.8780587930350287,0.2184214864847911,512,33.58098231837077,0.8767470838401559,113,0.220703125,True,011101,38.30178957666869,0.111328125,011101,38.30178957666869
6,3,1,605027,35.13598452098282,0.9173457665582401,0.3792347701492646,512,35.451847171565305,0.92559244782464,215,0.419921875,True,011101,38.30178957666869,0.224609375,011101,38.30178957666869
6,3,2,605028,35.13598452098282,0.9173457665582401,0.3792347701492646,512,35.31328815257338,0.9219748879007165,203,0.396484375,True,100010,38.30178957666869,0.20703125,100010,38.30178957666869
6,3,3,605029,35.13598452098282,0.9173457665582401,0.3792347701492646,512,35.326112545700425,0.9223097128075509,195,0.380859375,True,100010,38.30178957666869,0.19921875,100010,38.30178957666869
6,3,4,605030,35.13598452098282,0.9173457665582401,0.3792347701492646,512,35.148170425836994,0.9176639215318964,196,0.3828125,True,100010,38.30178957666869,0.201171875,100010,38.30178957666869
6,3,5,605031,35.13598452098282,0.9173457665582401,0.3792347701492646,512,35.394577147600614,0.9240972168029129,210,0.41015625,True,100010,38.30178957666869,0.20703125,100010,38.30178957666869
6,3,6,605032,35.13598452098282,0.9173457665582401,0.3792347701492646,512,35.152664760073826,0.9177812615905816,193,0.376953125,True,011101,38.30178957666869,0.19921875,011101,38.30178957666869
6,3,7,605033,35.13598452098282,0.9173457665582401,0.3792347701492646,512,35.246520204795765,0.9202316808988179,192,0.375,True,011101,38.30178957666869,0.19921875,011101,38.30178957666869
6,3,8,605034,35.13598452098282,0.9173457665582401,0.3792347701492646,512,34.93760281381374,0.912166329530498,189,0.369140625,True,100010,38.30178957666869,0.189453125,100010,38.30178957666869
6,3,9,605035,35.13598452098282,0.9173457665582401,0.3792347701492646,512,35.02905156704085,0.914553913876678,189,0.369140625,True,100010,38.30178957666869,0.1953125,100010,38.30178957666869
6,3,10,605036,35.13598452098282,0.9173457665582401,0.3792347701492646,512,35.44790590352662,0.9254895474619648,205,0.400390625,True,100010,38.30178957666869,0.205078125,100010,38.30178957666869
6,3,11,605037,35.13598452098282,0.9173457665582401,0.3792347701492646,512,34.77395758731187,0.9078938078466583,177,0.345703125,True,011101,38.30178957666869,0.1875,011101,38.30178957666869
6,3,12,605038,35.13598452098282,0.9173457665582401,0.3792347701492646,512,35.296223182377005,0.9215293481391442,213,0.416015625,True,011101,38.30178957666869,0.2421875,011101,38.30178957666869
6,3,13,605039,35.13598452098282,0.9173457665582401,0.3792347701492646,512,35.29107823011738,0.9213950214584248,201,0.392578125,True,011101,38.30178957666869,0.203125,011101,38.30178957666869
6,3,14,605040,35.13598452098282,0.9173457665582401,0.3792347701492646,512,35.14970401264725,0.917703961092114,184,0.359375,True,100010,38.30178957666869,0.1796875,100010,38.30178957666869
6,3,15,605041,35.13598452098282,0.9173457665582401,0.3792347701492646,512,35.147513478146124,0.9176467696520988,205,0.400390625,True,100010,38.30178957666869,0.23046875,100010,38.30178957666869
6,3,16,605042,35.13598452098282,0.9173457665582401,0.3792347701492646,512,34.91800269984172,0.9116546011181191,193,0.376953125,True,100010,38.30178957666869,0.212890625,100010,38.30178957666869
6,3,17,605043,35.13598452098282,0.9173457665582401,0.3792347701492646,512,35.11037989960767,0.916677269820692,206,0.40234375,True,100010,38.30178957666869,0.20703125,100010,38.30178957666869
6,3,18,605044,35.13598452098282,0.9173457665582401,0.3792347701492646,512,35.00055147904169,0.9138098210206217,189,0.369140625,True,011101,38.30178957666869,0.185546875,011101,38.30178957666869
6,3,19,605045,35.13598452098282,0.9173457665582401,0.3792347701492646,512,35.061916513532225,0.9154119663816255,191,0.373046875,True,011101,38.30178957666869,0.1875,011101,38.30178957666869
6,3,20,605046,35.13598452098282,0.9173457665582401,0.3792347701492646,512,35.0858686363882,0.9160373189596609,201,0.392578125,True,100010,38.30178957666869,0.197265625,100010,38.30178957666869
6,3,21,605047,35.13598452098282,0.9173457665582401,0.3792347701492646,512,35.20001136488047,0.9190174076121721,206,0.40234375,True,011101,38.30178957666869,0.22265625,011101,38.30178957666869
6,3,22,605048,35.13598452098282,0.9173457665582401,0.3792347701492646,512,35.51766262804591,0.9273107867640407,224,0.4375,True,100010,38.30178957666869,0.23046875,100010,38.30178957666869
6,3,23,605049,35.13598452098282,0.9173457665582401,0.3792347701492646,512,35.196891549289575,0.9189359540919771,178,0.34765625,True,011101,38.30178957666869,0.177734375,011101,38.30178957666869
6,3,24,605050,35.13598452098282,0.9173457665582401,0.3792347701492646,512,35.147087218723335,0.9176356406832573,189,0.369140625,True,011101,38.30178957666869,0.185546875,011101,38.30178957666869
6,3,25,605051,35.13598452098282,0.9173457665582401,0.3792347701492646,512,34.96987846063429,0.9130089963399646,172,0.3359375,True,100010,38.30178957666869,0.171875,100010,38.30178957666869
6,3,26,605052,35.13598452098282,0.9173457665582401,0.3792347701492646,512,35.42847613414939,0.9249822664813292,202,0.39453125,True,100010,38.30178957666869,0.20703125,100010,38.30178957666869
6,3,27,605053,35.13598452098282,0.9173457665582401,0.3792347701492646,512,35.312756973936764,0.9219610196548077,206,0.40234375,True,011101,38.30178957666869,0.21484375,011101,38.30178957666869
6,3,28,605054,35.13598452098282,0.9173457665582401,0.3792347701492646,512,35.230606611961335,0.9198162018047662,202,0.39453125,True,100010,38.30178957666869,0.19921875,100010,38.30178957666869
6,3,29,605055,35.13598452098282,0.9173457665582401,0.3792347701492646,512,35.29025846309497,0.9213736186197732,198,0.38671875,True,100010,38.30178957666869,0.197265625,100010,38.30178957666869
6,3,30,605056,35.13598452098282,0.9173457665582401,0.3792347701492646,512,34.84427166009628,0.9097295986428356,181,0.353515625,True,011101,38.30178957666869,0.18359375,011101,38.30178957666869
8,1,1,803027,34.26318835186908,0.8115770098869278,0.04687826369593861,512,34.023090435712376,0.8058899165880372,23,0.044921875,True,11110000,36.44020451679561,0.02734375,00101101,42.218037146668195
8,1,2,803028,34.26318835186908,0.8115770098869278,0.04687826369593861,512,33.828984799683234,0.8012922221156797,22,0.04296875,True,01101100,39.303751354011645,0.033203125,11010010,42.218037146668195
8,1,3,803029,34.26318835186908,0.8115770098869278,0.04687826369593861,512,34.40397986692031,0.8149118763222779,35,0.068359375,True,11010010,42.218037146668195,0.046875,11010010,42.218037146668195
8,1,4,803030,34.26318835186908,0.8115770098869278,0.04687826369593861,512,34.24551796524139,0.8111584592431414,24,0.046875,True,11010010,42.218037146668195,0.03515625,11010010,42.218037146668195
8,1,5,803031,34.26318835186908,0.8115770098869278,0.04687826369593861,512,34.503014699014514,0.817257670650589,27,0.052734375,True,11010010,42.218037146668195,0.033203125,11010010,42.218037146668195
8,1,6,803032,34.26318835186908,0.8115770098869278,0.04687826369593861,512,34.02366371769749,0.8059034956652241,23,0.044921875,True,10000011,36.06705036841447,0.03125,11010010,42.218037146668195
8,1,7,803033,34.26318835186908,0.8115770098869278,0.04687826369593861,512,34.502787610375634,0.8172522917022953,20,0.0390625,True,11010110,40.25089147716549,0.0390625,00101101,42.218037146668195
8,1,8,803034,34.26318835186908,0.8115770098869278,0.04687826369593861,512,34.406592818496556,0.814973768152234,17,0.033203125,True,00001111,36.44020451679561,0.03515625,11010010,42.218037146668195
8,1,9,803035,34.26318835186908,0.8115770098869278,0.04687826369593861,512,34.44668991325213,0.8159235303265153,19,0.037109375,True,01001110,33.52591872413906,0.029296875,00101101,42.218037146668195
8,1,10,803036,34.26318835186908,0.8115770098869278,0.04687826369593861,512,34.82754368885367,0.8249446455021551,31,0.060546875,True,11010010,42.218037146668195,0.04296875,11010010,42.218037146668195
8,1,11,803037,34.26318835186908,0.8115770098869278,0.04687826369593861,512,34.244892726645205,0.811143649492655,24,0.046875,True,01101100,39.303751354011645,0.029296875,11010010,42.218037146668195
8,1,12,803038,34.26318835186908,0.8115770098869278,0.04687826369593861,512,33.561846490702976,0.7949646349745776,18,0.03515625,True,00111001,37.01419049156831,0.037109375,11010010,42.218037146668195
8,1,13,803039,34.26318835186908,0.8115770098869278,0.04687826369593861,512,34.10440884327272,0.8078160697930116,28,0.0546875,True,00101101,42.218037146668195,0.033203125,00101101,42.218037146668195
8,1,14,803040,34.26318835186908,0.8115770098869278,0.04687826369593861,512,34.20963354973361,0.8103084809416401,23,0.044921875,True,11010010,42.218037146668195,0.029296875,11010010,42.218037146668195
8,1,15,803041,34.26318835186908,0.8115770098869278,0.04687826369593861,512,33.84791416224437,0.8017405935663651,18,0.03515625,True,11110000,36.44020451679561,0.033203125,00101101,42.218037146668195
8,1,16,803042,34.26318835186908,0.8115770098869278,0.04687826369593861,512,34.08148655799707,0.8072731197454928,20,0.0390625,True,10110001,33.52591872413906,0.03125,11010010,42.218037146668195
8,1,17,803043,34.26318835186908,0.8115770098869278,0.04687826369593861,512,34.785204556939696,0.8239417771839158,27,0.052734375,True,00101101,42.218037146668195,0.03125,00101101,42.218037146668195
8,1,18,803044,34.26318835186908,0.8115770098869278,0.04687826369593861,512,33.96315531594762,0.8044702598769814,18,0.03515625,True,01101101,41.538490562265864,0.03515625,11010010,42.218037146668195
8,1,19,803045,34.26318835186908,0.8115770098869278,0.04687826369593861,512,34.04388951524258,0.8063825751987939,18,0.03515625,True,10000010,38.30178957666869,0.03125,00101101,42.218037146668195
8,1,20,803046,34.26318835186908,0.8115770098869278,0.04687826369593861,512,34.34937280241075,0.8136184229028749,30,0.05859375,True,11010010,42.218037146668195,0.03515625,11010010,42.218037146668195
8,1,21,803047,34.26318835186908,0.8115770098869278,0.04687826369593861,512,33.93060919209561,0.8036993542155478,26,0.05078125,True,11010010,42.218037146668195,0.029296875,11010010,42.218037146668195
8,1,22,803048,34.26318835186908,0.8115770098869278,0.04687826369593861,512,34.350961277531496,0.8136560484114977,27,0.052734375,True,11010010,42.218037146668195,0.03515625,11010010,42.218037146668195
8,1,23,803049,34.26318835186908,0.8115770098869278,0.04687826369593861,512,34.29674350657961,0.8123718160166609,20,0.0390625,True,11110100,34.47305884729291,0.0234375,11010010,42.218037146668195
8,1,24,803050,34.26318835186908,0.8115770098869278,0.04687826369593861,512,34.60550906617517,0.8196854094580885,31,0.060546875,True,11010010,42.218037146668195,0.037109375,11010010,42.218037146668195
8,1,25,803051,34.26318835186908,0.8115770098869278,0.04687826369593861,512,34.270678305284804,0.8117544211054898,24,0.046875,True,00111001,37.01419049156831,0.02734375,00101101,42.218037146668195
8,1,26,803052,34.26318835186908,0.8115770098869278,0.04687826369593861,512,34.22454288545495,0.8106616317920473,28,0.0546875,True,00101101,42.218037146668195,0.03125,00101101,42.218037146668195
8,1,27,803053,34.26318835186908,0.8115770098869278,0.04687826369593861,512,34.07503157962299,0.8071202235236374,27,0.052734375,True,00101101,42.218037146668195,0.029296875,00101101,42.218037146668195
8,1,28,803054,34.26318835186908,0.8115770098869278,0.04687826369593861,512,34.74256301070392,0.8229317457111996,20,0.0390625,True,00001111,36.44020451679561,0.033203125,00101101,42.218037146668195
8,1,29,803055,34.26318835186908,0.8115770098869278,0.04687826369593861,512,34.32206520840873,0.8129715999843605,21,0.041015625,True,11110100,34.47305884729291,0.03125,00101101,42.218037146668195
8,1,30,803056,34.26318835186908,0.8115770098869278,0.04687826369593861,512,34.43765365257046,0.8157094924106835,22,0.04296875,True,00001111,36.44020451679561,0.03125,11010010,42.218037146668195
8,2,1,804027,36.09238531050085,0.8549043903669657,0.07680697959434885,512,36.369152571721344,0.8614600542470806,46,0.08984375,True,11010010,42.218037146668195,0.048828125,11010010,42.218037146668195
8,2,2,804028,36.09238531050085,0.8549043903669657,0.07680697959434885,512,36.15028267239951,0.8562757796074388,37,0.072265625,True,10010010,41.538490562265864,0.044921875,00101101,42.218037146668195
8,2,3,804029,36.09238531050085,0.8549043903669657,0.07680697959434885,512,36.266979118320435,0.8590399167820741,41,0.080078125,True,00101101,42.218037146668195,0.04296875,00101101,42.218037146668195
8,2,4,804030,36.09238531050085,0.8549043903669657,0.07680697959434885,512,35.92557103957821,0.850953134406442,33,0.064453125,True,00101101,42.218037146668195,0.037109375,00101101,42.218037146668195
8,2,5,804031,36.09238531050085,0.8549043903669657,0.07680697959434885,512,36.180883482061645,0.85700060747082,42,0.08203125,True,11010010,42.218037146668195,0.044921875,11010010,42.218037146668195
8,2,6,804032,36.09238531050085,0.8549043903669657,0.07680697959434885,512,36.12939044214234,0.8557809145765531,35,0.068359375,True,00101101,42.218037146668195,0.044921875,00101101,42.218037146668195
8,2,7,804033,36.09238531050085,0.8549043903669657,0.07680697959434885,512,36.10356891710812,0.8551692915173452,44,0.0859375,True,11010010,42.218037146668195,0.04296875,11010010,42.218037146668195
8,2,8,804034,36.09238531050085,0.8549043903669657,0.07680697959434885,512,36.14982891809197,0.8562650317295601,34,0.06640625,True,00101001,40.25089147716549,0.037109375,11010010,42.218037146668195
8,2,9,804035,36.09238531050085,0.8549043903669657,0.07680697959434885,512,36.17893098727554,0.8569543595891561,50,0.09765625,True,11010010,42.218037146668195,0.0546875,11010010,42.218037146668195
8,2,10,804036,36.09238531050085,0.8549043903669657,0.07680697959434885,512,36.15952314976579,0.856494654713685,44,0.0859375,True,11010010,42.218037146668195,0.056640625,11010010,42.218037146668195
8,2,11,804037,36.09238531050085,0.8549043903669657,0.07680697959434885,512,36.130257862744415,0.8558014607852515,35,0.068359375,True,01101101,41.538490562265864,0.041015625,00101101,42.218037146668195
8,2,12,804038,36.09238531050085,0.8549043903669657,0.07680697959434885,512,36.0517535542303,0.8539419639015166,37,0.072265625,True,11110000,36.44020451679561,0.04296875,00101101,42.218037146668195
8,2,13,804039,36.09238531050085,0.8549043903669657,0.07680697959434885,512,35.98139849421362,0.8522754946677613,44,0.0859375,True,00101101,42.218037146668195,0.048828125,00101101,42.218037146668195
8,2,14,804040,36.09238531050085,0.8549043903669657,0.07680697959434885,512,36.20456556166505,0.857561554431011,28,0.0546875,True,01101100,39.303751354011645,0.048828125,11010010,42.218037146668195
8,2,15,804041,36.09238531050085,0.8549043903669657,0.07680697959434885,512,35.981105226753364,0.852268548170954,40,0.078125,True,11010110,40.25089147716549,0.041015625,11010010,42.218037146668195
8,2,16,804042,36.09238531050085,0.8549043903669657,0.07680697959434885,512,35.91160715727305,0.8506223780935371,36,0.0703125,True,10010010,41.538490562265864,0.046875,00101101,42.218037146668195
8,2,17,804043,36.09238531050085,0.8549043903669657,0.07680697959434885,512,35.9325326489512,0.8511180309730112,36,0.0703125,True,10010010,41.538490562265864,0.0390625,11010010,42.218037146668195
8,2,18,804044,36.09238531050085,0.8549043903669657,0.07680697959434885,512,36.369666868773606,0.8614722361742142,42,0.08203125,True,11110000,36.44020451679561,0.044921875,11010010,42.218037146668195
8,2,19,804045,36.09238531050085,0.8549043903669657,0.07680697959434885,512,35.999145630625314,0.8526958632497841,39,0.076171875,True,00101101,42.218037146668195,0.048828125,00101101,42.218037146668195
8,2,20,804046,36.09238531050085,0.8549043903669657,0.07680697959434885,512,36.073375550926784,0.854454114587743,37,0.072265625,True,11010010,42.218037146668195,0.041015625,11010010,42.218037146668195
8,2,21,804047,36.09238531050085,0.8549043903669657,0.07680697959434885,512,36.0649477833931,0.8542544897803618,45,0.087890625,True,00101101,42.218037146668195,0.048828125,00101101,42.218037146668195
8,2,22,804048,36.09238531050085,0.8549043903669657,0.07680697959434885,512,36.15551751202533,0.8563997749416478,42,0.08203125,True,00101101,42.218037146668195,0.048828125,00101101,42.218037146668195
8,2,23,804049,36.09238531050085,0.8549043903669657,0.07680697959434885,512,35.76643466899896,0.847183741480348,27,0.052734375,True,10010010,41.538490562265864,0.048828125,11010010,42.218037146668195
8,2,24,804050,36.09238531050085,0.8549043903669657,0.07680697959434885,512,35.984470880651216,0.8523482689283652,26,0.05078125,True,11010011,38.624204769609314,0.037109375,11010010,42.218037146668195
8,2,25,804051,36.09238531050085,0.8549043903669657,0.07680697959434885,512,36.11104414779227,0.8553463540050669,39,0.076171875,True,11010010,42.218037146668195,0.0546875,11010010,42.218037146668195
8,2,26,804052,36.09238531050085,0.8549043903669657,0.07680697959434885,512,36.1089623991761,0.8552970445450161,38,0.07421875,True,00101101,42.218037146668195,0.04296875,00101101,42.218037146668195
8,2,27,804053,36.09238531050085,0.8549043903669657,0.07680697959434885,512,35.91780493930642,0.8507691822192629,40,0.078125,True,00101101,42.218037146668195,0.041015625,00101101,42.218037146668195
8,2,28,804054,36.09238531050085,0.8549043903669657,0.07680697959434885,512,35.80582244112767,0.8481167022428445,39,0.076171875,True,11010010,42.218037146668195,0.04296875,11010010,42.218037146668195
8,2,29,804055,36.09238531050085,0.8549043903669657,0.07680697959434885,512,36.005020830137234,0.8528350265057953,38,0.07421875,True,11010010,42.218037146668195,0.044921875,11010010,42.218037146668195
8,2,30,804056,36.09238531050085,0.8549043903669657,0.07680697959434885,512,36.143177255762694,0.856107476741725,42,0.08203125,True,11010010,42.218037146668195,0.046875,11010010,42.218037146668195
8,3,1,805027,37.7619525204957,0.8944506914927616,0.15349086921443938,512,37.574878417626934,0.8900195498408426,85,0.166015625,True,11010010,42.218037146668195,0.083984375,11010010,42.218037146668195
8,3,2,805028,37.7619525204957,0.8944506914927616,0.15349086921443938,512,37.914559462973244,0.8980654247391834,86,0.16796875,True,11010010,42.218037146668195,0.08984375,11010010,42.218037146668195
8,3,3,805029,37.7619525204957,0.8944506914927616,0.15349086921443938,512,37.75683176589163,0.8943293984400762,79,0.154296875,True,11010010,42.218037146668195,0.08984375,11010010,42.218037146668195
8,3,4,805030,37.7619525204957,0.8944506914927616,0.15349086921443938,512,37.82520105558852,0.8959488316092976,72,0.140625,True,01101101,41.538490562265864,0.09765625,00101101,42.218037146668195
8,3,5,805031,37.7619525204957,0.8944506914927616,0.15349086921443938,512,37.772616685253794,0.8947032888534753,77,0.150390625,True,11010010,42.218037146668195,0.08203125,11010010,42.218037146668195
8,3,6,805032,37.7619525204957,0.8944506914927616,0.15349086921443938,512,38.015756770040454,0.9004624406571061,79,0.154296875,True,01101101,41.538490562265864,0.08984375,11010010,42.218037146668195
8,3,7,805033,37.7619525204957,0.8944506914927616,0.15349086921443938,512,37.683396321280384,0.8925899654969053,84,0.1640625,True,11010010,42.218037146668195,0.08984375,11010010,42.218037146668195
8,3,8,805034,37.7619525204957,0.8944506914927616,0.15349086921443938,512,37.87928947366106,0.897230000079611,66,0.12890625,True,01101101,41.538490562265864,0.080078125,00101101,42.218037146668195
8,3,9,805035,37.7619525204957,0.8944506914927616,0.15349086921443938,512,38.02883938512486,0.9007723227825718,84,0.1640625,True,11010010,42.218037146668195,0.08203125,11010010,42.218037146668195
8,3,10,805036,37.7619525204957,0.8944506914927616,0.15349086921443938,512,37.56840274278004,0.8898661633907764,70,0.13671875,True,00101101,42.218037146668195,0.0703125,00101101,42.218037146668195
8,3,11,805037,37.7619525204957,0.8944506914927616,0.15349086921443938,512,38.10053893623265,0.9024706383829972,76,0.1484375,True,01101101,41.538490562265864,0.076171875,11010010,42.218037146668195
8,3,12,805038,37.7619525204957,0.8944506914927616,0.15349086921443938,512,37.59302810032056,0.890449453358858,71,0.138671875,True,11010010,42.218037146668195,0.076171875,11010010,42.218037146668195
8,3,13,805039,37.7619525204957,0.8944506914927616,0.15349086921443938,512,37.876335513899406,0.897160030939376,87,0.169921875,True,11010010,42.218037146668195,0.091796875,11010010,42.218037146668195
8,3,14,805040,37.7619525204957,0.8944506914927616,0.15349086921443938,512,37.640723881931166,0.8915792022726553,69,0.134765625,True,10010010,41.538490562265864,0.0859375,00101101,42.218037146668195
8,3,15,805041,37.7619525204957,0.8944506914927616,0.15349086921443938,512,37.90303351351757,0.8977924146649522,77,0.150390625,True,10010010,41.538490562265864,0.087890625,00101101,42.218037146668195
8,3,16,805042,37.7619525204957,0.8944506914927616,0.15349086921443938,512,37.71470688448284,0.8933316049789278,82,0.16015625,True,11010010,42.218037146668195,0.08984375,11010010,42.218037146668195
8,3,17,805043,37.7619525204957,0.8944506914927616,0.15349086921443938,512,37.92374122650631,0.8982829091167938,95,0.185546875,True,11010010,42.218037146668195,0.111328125,11010010,42.218037146668195
8,3,18,805044,37.7619525204957,0.8944506914927616,0.15349086921443938,512,37.68986965305204,0.8927432964475831,87,0.169921875,True,00101101,42.218037146668195,0.0859375,00101101,42.218037146668195
8,3,19,805045,37.7619525204957,0.8944506914927616,0.15349086921443938,512,37.61750223711245,0.8910291614278544,75,0.146484375,True,01101101,41.538490562265864,0.078125,11010010,42.218037146668195
8,3,20,805046,37.7619525204957,0.8944506914927616,0.15349086921443938,512,37.36108160000441,0.8849554390468464,70,0.13671875,True,11010010,42.218037146668195,0.078125,11010010,42.218037146668195
8,3,21,805047,37.7619525204957,0.8944506914927616,0.15349086921443938,512,37.96278921238462,0.8992078215124465,94,0.18359375,True,11010010,42.218037146668195,0.09375,11010010,42.218037146668195
8,3,22,805048,37.7619525204957,0.8944506914927616,0.15349086921443938,512,38.06907347353349,0.9017253298650088,83,0.162109375,True,00101101,42.218037146668195,0.0859375,00101101,42.218037146668195
8,3,23,805049,37.7619525204957,0.8944506914927616,0.15349086921443938,512,37.91483222308132,0.8980718854873968,81,0.158203125,True,00101101,42.218037146668195,0.083984375,00101101,42.218037146668195
8,3,24,805050,37.7619525204957,0.8944506914927616,0.15349086921443938,512,37.48986757597886,0.8880059355804246,74,0.14453125,True,00101101,42.218037146668195,0.08984375,00101101,42.218037146668195
8,3,25,805051,37.7619525204957,0.8944506914927616,0.15349086921443938,512,37.837222302012236,0.8962335735640591,80,0.15625,True,11010010,42.218037146668195,0.080078125,11010010,42.218037146668195
8,3,26,805052,37.7619525204957,0.8944506914927616,0.15349086921443938,512,37.67269910814562,0.8923365853338896,80,0.15625,True,00101101,42.218037146668195,0.08984375,00101101,42.218037146668195
8,3,27,805053,37.7619525204957,0.8944506914927616,0.15349086921443938,512,37.760919592085685,0.8944262249737145,67,0.130859375,True,00101101,42.218037146668195,0.078125,00101101,42.218037146668195
8,3,28,805054,37.7619525204957,0.8944506914927616,0.15349086921443938,512,37.94837163969717,0.8988663188358321,73,0.142578125,True,10010010,41.538490562265864,0.080078125,11010010,42.218037146668195
8,3,29,805055,37.7619525204957,0.8944506914927616,0.15349086921443938,512,37.74010772367526,0.8939332634384004,74,0.14453125,True,01101101,41.538490562265864,0.076171875,11010010,42.218037146668195
8,3,30,805056,37.7619525204957,0.8944506914927616,0.15349086921443938,512,37.939138285634456,0.8986476124561312,86,0.16796875,True,11010010,42.218037146668195,0.091796875,11010010,42.218037146668195
10,1,1,1003027,69.11824886981353,0.7937779030146882,0.01645128132388452,512,68.3533883851797,0.7849939803673569,6,0.01171875,True,0001110011,76.09336854114441,0.015625,1100101010,87.07504782611689
10,1,2,1003028,69.11824886981353,0.7937779030146882,0.01645128132388452,512,68.20066871847817,0.7832400948340041,6,0.01171875,True,1110101101,75.73623714968271,0.015625,1100101010,87.07504782611689
10,1,3,1003029,69.11824886981353,0.7937779030146882,0.01645128132388452,512,68.76911197043509,0.7897682939695334,13,0.025390625,True,0111010100,84.16076203346033,0.013671875,0011010101,87.07504782611689
10,1,4,1003030,69.11824886981353,0.7937779030146882,0.01645128132388452,512,68.29156470255217,0.7842839757888965,14,0.02734375,True,1100101010,87.07504782611689,0.015625,1100101010,87.07504782611689
10,1,5,1003031,69.11824886981353,0.7937779030146882,0.01645128132388452,512,69.25136043512862,0.795306602322187,6,0.01171875,True,0101010011,78.65052294233926,0.013671875,0011010101,87.07504782611689
10,1,6,1003032,69.11824886981353,0.7937779030146882,0.01645128132388452,512,68.84528306094042,0.7906430691480184,7,0.013671875,True,0000011011,67.5073131219301,0.013671875,0011010101,87.07504782611689
10,1,7,1003033,69.11824886981353,0.7937779030146882,0.01645128132388452,512,69.33931337311459,0.7963166843167409,12,0.0234375,True,1101000010,72.0155904357082,0.017578125,1100101010,87.07504782611689
10,1,8,1003034,69.11824886981353,0.7937779030146882,0.01645128132388452,512,68.97989338436065,0.7921889807125589,6,0.01171875,True,0111010001,84.42835557221186,0.015625,0011010101,87.07504782611689
10,1,9,1003035,69.11824886981353,0.7937779030146882,0.01645128132388452,512,69.10280164597474,0.7936005017473434,15,0.029296875,True,0011010101,87.07504782611689,0.025390625,0011010101,87.07504782611689
10,1,10,1003036,69.11824886981353,0.7937779030146882,0.01645128132388452,512,69.40567716663986,0.7970788291008167,12,0.0234375,True,0011010101,87.07504782611689,0.015625,0011010101,87.07504782611689
10,1,11,1003037,69.11824886981353,0.7937779030146882,0.01645128132388452,512,68.86147124812194,0.7908289798949583,3,0.005859375,True,0111010001,84.42835557221186,0.015625,0011010101,87.07504782611689
10,1,12,1003038,69.11824886981353,0.7937779030146882,0.01645128132388452,512,70.07159344758915,0.8047264422524589,5,0.009765625,True,0010011101,75.25229142130539,0.015625,0011010101,87.07504782611689
10,1,13,1003039,69.11824886981353,0.7937779030146882,0.01645128132388452,512,68.39031542707295,0.7854180633028747,6,0.01171875,True,0011110100,80.24451446346082,0.013671875,0011010101,87.07504782611689
10,1,14,1003040,69.11824886981353,0.7937779030146882,0.01645128132388452,512,69.49145493587872,0.7980639307043013,9,0.017578125,True,0011110101,83.8383468405197,0.017578125,1100101010,87.07504782611689
10,1,15,1003041,69.11824886981353,0.7937779030146882,0.01645128132388452,512,69.53917652917818,0.7986119820059063,14,0.02734375,True,1100101010,87.07504782611689,0.015625,1100101010,87.07504782611689
10,1,16,1003042,69.11824886981353,0.7937779030146882,0.01645128132388452,512,68.92264681487477,0.7915315412862958,9,0.017578125,True,0011110101,83.8383468405197,0.017578125,0011010101,87.07504782611689
10,1,17,1003043,69.11824886981353,0.7937779030146882,0.01645128132388452,512,68.98381399431385,0.7922340063548181,7,0.013671875,True,1000101110,84.42835557221186,0.013671875,0011010101,87.07504782611689
10,1,18,1003044,69.11824886981353,0.7937779030146882,0.01645128132388452,512,69.42756017425123,0.7973301411374704,11,0.021484375,True,0011010101,87.07504782611689,0.015625,0011010101,87.07504782611689
10,1,19,1003045,69.11824886981353,0.7937779030146882,0.01645128132388452,512,68.20997306534957,0.7833469491752131,2,0.00390625,True,0101010010,76.41578373408504,0.013671875,1100101010,87.07504782611689
10,1,20,1003046,69.11824886981353,0.7937779030146882,0.01645128132388452,512,69.51869964464828,0.7983768183736067,7,0.013671875,True,1110101001,77.7033828191854,0.015625,0011010101,87.07504782611689
10,1,21,1003047,69.11824886981353,0.7937779030146882,0.01645128132388452,512,68.75312487561008,0.7895846926368464,7,0.013671875,True,0011010001,85.10790215661419,0.01171875,0011010101,87.07504782611689
10,1,22,1003048,69.11824886981353,0.7937779030146882,0.01645128132388452,512,68.7374564864833,0.7894047514307533,6,0.01171875,True,1010101001,78.38292940358774,0.013671875,1100101010,87.07504782611689
10,1,23,1003049,69.11824886981353,0.7937779030146882,0.01645128132388452,512,68.50050121064649,0.7866834749945362,4,0.0078125,True,1010101000,80.61766861184196,0.013671875,1100101010,87.07504782611689
10,1,24,1003050,69.11824886981353,0.7937779030146882,0.01645128132388452,512,69.30803621770444,0.7959574866339335,11,0.021484375,True,1010101000,80.61766861184196,0.017578125,1100101010,87.07504782611689
10,1,25,1003051,69.11824886981353,0.7937779030146882,0.01645128132388452,512,68.54797567398268,0.7872286881700714,5,0.009765625,True,1110001101,72.49953616408553,0.01953125,0011010101,87.07504782611689
10,1,26,1003052,69.11824886981353,0.7937779030146882,0.01645128132388452,512,68.9762028949715,0.7921465978545392,10,0.01953125,True,1000101110,84.42835557221186,0.013671875,1100101010,87.07504782611689
10,1,27,1003053,69.11824886981353,0.7937779030146882,0.01645128132388452,512,69.22122184510081,0.794960480318472,13,0.025390625,True,0011010101,87.07504782611689,0.01953125,0011010101,87.07504782611689
10,1,28,1003054,69.11824886981353,0.7937779030146882,0.01645128132388452,512,69.45852987770317,0.7976858079355308,8,0.015625,True,0011010001,85.10790215661419,0.013671875,0011010101,87.07504782611689
10,1,29,1003055,69.11824886981353,0.7937779030146882,0.01645128132388452,512,68.93596767133816,0.7916845226144221,9,0.017578125,True,0111110001,81.19165458661467,0.013671875,1100101010,87.07504782611689
10,1,30,1003056,69.11824886981353,0.7937779030146882,0.01645128132388452,512,69.31796388368411,0.7960714993876133,10,0.01953125,True,1100001010,83.8383468405197,0.017578125,1100101010,87.07504782611689
10,2,1,1004027,73.42394926211966,0.8432260572185334,0.02711137555304355,512,72.48580058732986,0.8324520329924091,15,0.029296875,True,1100101010,87.07504782611689,0.017578125,1100101010,87.07504782611689
10,2,2,1004028,73.42394926211966,0.8432260572185334,0.02711137555304355,512,73.25604610329977,0.8412977992042333,11,0.021484375,True,1100101110,85.10790215661419,0.015625,1100101010,87.07504782611689
10,2,3,1004029,73.42394926211966,0.8432260572185334,0.02711137555304355,512,73.50584990048281,0.8441666325085398,14,0.02734375,True,0011010101,87.07504782611689,0.021484375,0011010101,87.07504782611689
10,2,4,1004030,73.42394926211966,0.8432260572185334,0.02711137555304355,512,73.17984185264308,0.840422643203088,10,0.01953125,True,0111010001,84.42835557221186,0.01953125,1100101010,87.07504782611689
10,2,5,1004031,73.42394926211966,0.8432260572185334,0.02711137555304355,512,72.73593746399216,0.8353246914967879,11,0.021484375,True,0110011101,74.57274483690306,0.01953125,1100101010,87.07504782611689
10,2,6,1004032,73.42394926211966,0.8432260572185334,0.02711137555304355,512,73.41351380223881,0.8431062127838629,17,0.033203125,True,1000101010,86.39550124171456,0.01953125,1100101010,87.07504782611689
10,2,7,1004033,73.42394926211966,0.8432260572185334,0.02711137555304355,512,72.61270821858157,0.8339094841729401,16,0.03125,True,1000101010,86.39550124171456,0.01953125,0011010101,87.07504782611689
10,2,8,1004034,73.42394926211966,0.8432260572185334,0.02711137555304355,512,72.8787341840511,0.8369646184749621,15,0.029296875,True,1100001010,83.8383468405197,0.017578125,0011010101,87.07504782611689
10,2,9,1004035,73.42394926211966,0.8432260572185334,0.02711137555304355,512,73.43256775075731,0.8433250349262996,13,0.025390625,True,0011010100,83.481215449058,0.017578125,0011010101,87.07504782611689
10,2,10,1004036,73.42394926211966,0.8432260572185334,0.02711137555304355,512,74.13564454933481,0.8513994123296436,12,0.0234375,True,0011010001,85.10790215661419,0.025390625,0011010101,87.07504782611689
10,2,11,1004037,73.42394926211966,0.8432260572185334,0.02711137555304355,512,73.36990323706956,0.8426053739527962,11,0.021484375,True,0111010101,86.39550124171456,0.021484375,1100101010,87.07504782611689
10,2,12,1004038,73.42394926211966,0.8432260572185334,0.02711137555304355,512,73.81747826985045,0.8477454806072879,20,0.0390625,True,0011010101,87.07504782611689,0.021484375,0011010101,87.07504782611689
10,2,13,1004039,73.42394926211966,0.8432260572185334,0.02711137555304355,512,72.7574967767568,0.8355722861097385,19,0.037109375,True,1100101010,87.07504782611689,0.021484375,1100101010,87.07504782611689
10,2,14,1004040,73.42394926211966,0.8432260572185334,0.02711137555304355,512,73.51496414172112,0.8442713036108321,11,0.021484375,True,0111110100,80.92406104786315,0.01953125,0011010101,87.07504782611689
10,2,15,1004041,73.42394926211966,0.8432260572185334,0.02711137555304355,512,73.33659006669177,0.8422227939691068,10,0.01953125,True,0111010100,84.16076203346033,0.01953125,1100101010,87.07504782611689
10,2,16,1004042,73.42394926211966,0.8432260572185334,0.02711137555304355,512,73.70788713389658,0.8464868980547943,15,0.029296875,True,1010101000,80.61766861184196,0.01953125,1100101010,87.07504782611689
10,2,17,1004043,73.42394926211966,0.8432260572185334,0.02711137555304355,512,73.11248412574804,0.8396490837440328,16,0.03125,True,0011010101,87.07504782611689,0.017578125,0011010101,87.07504782611689
10,2,18,1004044,73.42394926211966,0.8432260572185334,0.02711137555304355,512,72.98845133773631,0.8382246482587175,12,0.0234375,True,0011110001,81.871201171017,0.01953125,0011010101,87.07504782611689
10,2,19,1004045,73.42394926211966,0.8432260572185334,0.02711137555304355,512,72.5625148035545,0.8333330456147182,9,0.017578125,True,0011110100,80.24451446346082,0.021484375,1100101010,87.07504782611689
10,2,20,1004046,73.42394926211966,0.8432260572185334,0.02711137555304355,512,72.65643994045547,0.8344117144095549,9,0.017578125,True,0011010000,81.5140697795553,0.01953125,0011010101,87.07504782611689
10,2,21,1004047,73.42394926211966,0.8432260572185334,0.02711137555304355,512,73.08360393593307,0.8393174136440976,17,0.033203125,True,0011010101,87.07504782611689,0.01953125,0011010101,87.07504782611689
10,2,22,1004048,73.42394926211966,0.8432260572185334,0.02711137555304355,512,73.2931824991389,0.8417242864329568,14,0.02734375,True,0111010000,82.19361636395763,0.01953125,1100101010,87.07504782611689
10,2,23,1004049,73.42394926211966,0.8432260572185334,0.02711137555304355,512,73.3869718429009,0.8428013957323657,14,0.02734375,True,1100101011,83.481215449058,0.029296875,1100101010,87.07504782611689
10,2,24,1004050,73.42394926211966,0.8432260572185334,0.02711137555304355,512,73.66082017304382,0.8459463647788811,12,0.0234375,True,1000101010,86.39550124171456,0.01953125,0011010101,87.07504782611689
10,2,25,1004051,73.42394926211966,0.8432260572185334,0.02711137555304355,512,73.93517925799452,0.849097199510464,15,0.029296875,True,1000001010,83.15880025611737,0.025390625,1100101010,87.07504782611689
10,2,26,1004052,73.42394926211966,0.8432260572185334,0.02711137555304355,512,73.53842838428866,0.8445407750972433,14,0.02734375,True,0111010101,86.39550124171456,0.021484375,1100101010,87.07504782611689
10,2,27,1004053,73.42394926211966,0.8432260572185334,0.02711137555304355,512,73.7304044399591,0.8467454945944941,10,0.01953125,True,1000001011,80.92406104786315,0.01953125,1100101010,87.07504782611689
10,2,28,1004054,73.42394926211966,0.8432260572185334,0.02711137555304355,512,73.58639366489466,0.8450916249882562,17,0.033203125,True,1100001010,83.8383468405197,0.0234375,1100101010,87.07504782611689
10,2,29,1004055,73.42394926211966,0.8432260572185334,0.02711137555304355,512,73.5963376067883,0.8452058246601677,21,0.041015625,True,1100101010,87.07504782611689,0.025390625,1100101010,87.07504782611689
10,2,30,1004056,73.42394926211966,0.8432260572185334,0.02711137555304355,512,72.82373432917578,0.8363329810972374,13,0.025390625,True,0010011101,75.25229142130539,0.01953125,1100101010,87.07504782611689
10,3,1,1005027,75.86173388975661,0.871222419993462,0.042463598560791,512,76.40755918520331,0.8774908666846986,19,0.037109375,True,0111010001,84.42835557221186,0.02734375,1100101010,87.07504782611689
10,3,2,1005028,75.86173388975661,0.871222419993462,0.042463598560791,512,75.84160171658016,0.8709912151457055,18,0.03515625,True,1000101010,86.39550124171456,0.025390625,0011010101,87.07504782611689
10,3,3,1005029,75.86173388975661,0.871222419993462,0.042463598560791,512,75.8183481561307,0.8707241632056895,27,0.052734375,True,1100101010,87.07504782611689,0.03125,1100101010,87.07504782611689
10,3,4,1005030,75.86173388975661,0.871222419993462,0.042463598560791,512,75.95286427892225,0.8722689929375923,25,0.048828125,True,1100101010,87.07504782611689,0.02734375,1100101010,87.07504782611689
10,3,5,1005031,75.86173388975661,0.871222419993462,0.042463598560791,512,76.03827210583242,0.8732498459952773,20,0.0390625,True,0111010101,86.39550124171456,0.03125,1100101010,87.07504782611689
10,3,6,1005032,75.86173388975661,0.871222419993462,0.042463598560791,512,76.52272893327066,0.8788135159503624,15,0.029296875,True,0111010100,84.16076203346033,0.025390625,1100101010,87.07504782611689
10,3,7,1005033,75.86173388975661,0.871222419993462,0.042463598560791,512,75.83394588982156,0.8709032929802912,30,0.05859375,True,0011010101,87.07504782611689,0.033203125,0011010101,87.07504782611689
10,3,8,1005034,75.86173388975661,0.871222419993462,0.042463598560791,512,75.53800545767658,0.8675046105847379,17,0.033203125,True,1000101010,86.39550124171456,0.0234375,1100101010,87.07504782611689
10,3,9,1005035,75.86173388975661,0.871222419993462,0.042463598560791,512,75.74453685009769,0.8698764886091873,20,0.0390625,True,1000101010,86.39550124171456,0.02734375,1100101010,87.07504782611689
10,3,10,1005036,75.86173388975661,0.871222419993462,0.042463598560791,512,75.69791676410676,0.8693410873989231,22,0.04296875,True,1000101010,86.39550124171456,0.025390625,0011010101,87.07504782611689
10,3,11,1005037,75.86173388975661,0.871222419993462,0.042463598560791,512,76.04627143663095,0.8733417130800285,13,0.025390625,True,0111010101,86.39550124171456,0.037109375,0011010101,87.07504782611689
10,3,12,1005038,75.86173388975661,0.871222419993462,0.042463598560791,512,75.66561447934171,0.8689701167756412,26,0.05078125,True,0011010101,87.07504782611689,0.03125,0011010101,87.07504782611689
10,3,13,1005039,75.86173388975661,0.871222419993462,0.042463598560791,512,75.45519775088778,0.8665536182068483,19,0.037109375,True,0111010101,86.39550124171456,0.03515625,1100101010,87.07504782611689
10,3,14,1005040,75.86173388975661,0.871222419993462,0.042463598560791,512,75.6157044428392,0.8683969326345186,18,0.03515625,True,1000101010,86.39550124171456,0.0234375,1100101010,87.07504782611689
10,3,15,1005041,75.86173388975661,0.871222419993462,0.042463598560791,512,76.07167530176463,0.8736334598636061,20,0.0390625,True,1100101010,87.07504782611689,0.0234375,1100101010,87.07504782611689
10,3,16,1005042,75.86173388975661,0.871222419993462,0.042463598560791,512,75.73636887719584,0.8697826847801273,20,0.0390625,True,0111010100,84.16076203346033,0.0234375,1100101010,87.07504782611689
10,3,17,1005043,75.86173388975661,0.871222419993462,0.042463598560791,512,76.2235073784129,0.875377152005449,18,0.03515625,True,0111010101,86.39550124171456,0.029296875,1100101010,87.07504782611689
10,3,18,1005044,75.86173388975661,0.871222419993462,0.042463598560791,512,76.28782864106378,0.8761158396577134,27,0.052734375,True,1100101010,87.07504782611689,0.02734375,1100101010,87.07504782611689
10,3,19,1005045,75.86173388975661,0.871222419993462,0.042463598560791,512,76.19114464602879,0.8750054871807791,16,0.03125,True,1100001010,83.8383468405197,0.025390625,1100101010,87.07504782611689
10,3,20,1005046,75.86173388975661,0.871222419993462,0.042463598560791,512,76.38150512116817,0.8771916527917978,22,0.04296875,True,1100001110,81.871201171017,0.025390625,1100101010,87.07504782611689
10,3,21,1005047,75.86173388975661,0.871222419993462,0.042463598560791,512,75.23079105979161,0.8639764540628856,23,0.044921875,True,1100101010,87.07504782611689,0.0234375,1100101010,87.07504782611689
10,3,22,1005048,75.86173388975661,0.871222419993462,0.042463598560791,512,75.9751677239287,0.8725251334228724,18,0.03515625,True,0111010101,86.39550124171456,0.02734375,1100101010,87.07504782611689
10,3,23,1005049,75.86173388975661,0.871222419993462,0.042463598560791,512,76.3112018353041,0.8763842655136084,24,0.046875,True,0111010101,86.39550124171456,0.03515625,0011010101,87.07504782611689
10,3,24,1005050,75.86173388975661,0.871222419993462,0.042463598560791,512,75.68340779738666,0.8691744614012118,19,0.037109375,True,1010101000,80.61766861184196,0.029296875,1100101010,87.07504782611689
10,3,25,1005051,75.86173388975661,0.871222419993462,0.042463598560791,512,76.67768333811364,0.8805930659903356,37,0.072265625,True,0011010101,87.07504782611689,0.04296875,0011010101,87.07504782611689
10,3,26,1005052,75.86173388975661,0.871222419993462,0.042463598560791,512,76.54671890962754,0.8790890251456519,25,0.048828125,True,0111010001,84.42835557221186,0.025390625,0011010101,87.07504782611689
10,3,27,1005053,75.86173388975661,0.871222419993462,0.042463598560791,512,76.03057262642989,0.8731614225077848,22,0.04296875,True,1000101010,86.39550124171456,0.033203125,0011010101,87.07504782611689
10,3,28,1005054,75.86173388975661,0.871222419993462,0.042463598560791,512,76.03607748997358,0.8732246422668433,16,0.03125,True,1000101110,84.42835557221186,0.02734375,1100101010,87.07504782611689
10,3,29,1005055,75.86173388975661,0.871222419993462,0.042463598560791,512,76.437386828012,0.8778334176628801,24,0.046875,True,0011010101,87.07504782611689,0.03125,0011010101,87.07504782611689
10,3,30,1005056,75.86173388975661,0.871222419993462,0.042463598560791,512,75.94665454779813,0.8721976782351716,17,0.033203125,True,1000101010,86.39550124171456,0.0234375,1100101010,87.07504782611689
12,1,1,1203027,72.86035909199637,0.780928776008686,0.005384685560880819,512,73.76972415275696,0.7906754936023802,2,0.00390625,True,111011000010,81.47686492912102,0.0078125,111001001010,93.29962133393254
12,1,2,1203028,72.86035909199637,0.780928776008686,0.005384685560880819,512,72.98597785247186,0.7822751776197183,4,0.0078125,True,001111110101,89.38337376393302,0.0078125,111001001010,93.29962133393254
12,1,3,1203029,72.86035909199637,0.780928776008686,0.005384685560880819,512,71.88808237037614,0.7705077613497008,1,0.001953125,True,010110110000,86.4212052043836,0.0078125,111001001010,93.29962133393254
12,1,4,1203030,72.86035909199637,0.780928776008686,0.005384685560880819,512,73.63198981529052,0.7891992353336524,3,0.005859375,True,111011100010,80.15942684613367,0.0078125,111001001010,93.29962133393254
12,1,5,1203031,72.86035909199637,0.780928776008686,0.005384685560880819,512,72.69714014557674,0.7791793696972518,7,0.013671875,True,111001001010,93.29962133393254,0.009765625,111001001010,93.29962133393254
12,1,6,1203032,72.86035909199637,0.780928776008686,0.005384685560880819,512,72.80621275336574,0.7803484270441856,2,0.00390625,True,101101001000,81.2972151962443,0.0078125,111001001010,93.29962133393254
12,1,7,1203033,72.86035909199637,0.780928776008686,0.005384685560880819,512,72.1169354044803,0.7729606441248622,2,0.00390625,True,001001111110,69.54804552099469,0.0078125,111001001010,93.29962133393254
12,1,8,1203034,72.86035909199637,0.780928776008686,0.005384685560880819,512,73.51184178773056,0.7879114698975284,1,0.001953125,True,101110010000,62.00778955924849,0.005859375,111001001010,93.29962133393254
12,1,9,1203035,72.86035909199637,0.780928776008686,0.005384685560880819,512,73.19459998234984,0.7845112223848592,1,0.001953125,True,111000101010,88.745482265348,0.0078125,000110110101,93.29962133393254
12,1,10,1203036,72.86035909199637,0.780928776008686,0.005384685560880819,512,73.29507006309206,0.7855880764953425,6,0.01171875,True,111001001010,93.29962133393254,0.009765625,111001001010,93.29962133393254
12,1,11,1203037,72.86035909199637,0.780928776008686,0.005384685560880819,512,73.57569127583356,0.7885958187425581,2,0.00390625,True,101010100110,76.27301827402113,0.009765625,111001001010,93.29962133393254
12,1,12,1203038,72.86035909199637,0.780928776008686,0.005384685560880819,512,72.82285606675526,0.7805268126919642,2,0.00390625,True,110000101010,88.06593568094567,0.0078125,111001001010,93.29962133393254
12,1,13,1203039,72.86035909199637,0.780928776008686,0.005384685560880819,512,72.44362408392696,0.7764621447179907,2,0.00390625,True,001010110111,86.84224211965761,0.009765625,111001001010,93.29962133393254
12,1,14,1203040,72.86035909199637,0.780928776008686,0.005384685560880819,512,72.96065856204095,0.7820038014869071,2,0.00390625,True,110001101110,84.42835557221186,0.0078125,000110110101,93.29962133393254
12,1,15,1203041,72.86035909199637,0.780928776008686,0.005384685560880819,512,73.56373735758676,0.788467694768681,4,0.0078125,True,100000001011,80.92406104786315,0.0078125,000110110101,93.29962133393254
12,1,16,1203042,72.86035909199637,0.780928776008686,0.005384685560880819,512,72.22783857624894,0.7741493217441341,5,0.009765625,True,100001001010,86.39550124171456,0.0078125,111001001010,93.29962133393254
12,1,17,1203043,72.86035909199637,0.780928776008686,0.005384685560880819,512,72.86873473910742,0.7810185475103397,0,0.0,False,010011010011,82.31794204896006,0.01171875,110001001010,92.6200747495302
12,1,18,1203044,72.86035909199637,0.780928776008686,0.005384685560880819,512,72.67128156477247,0.7789022133654897,0,0.0,False,001110010000,82.19361636395763,0.0078125,001110110101,92.6200747495302
12,1,19,1203045,72.86035909199637,0.780928776008686,0.005384685560880819,512,72.7243476144495,0.7794709836232587,4,0.0078125,True,001011000111,78.05813480448596,0.0078125,000110110101,93.29962133393254
12,1,20,1203046,72.86035909199637,0.780928776008686,0.005384685560880819,512,73.83576033036823,0.7913832797291154,4,0.0078125,True,111001001010,93.29962133393254,0.0078125,111001001010,93.29962133393254
12,1,21,1203047,72.86035909199637,0.780928776008686,0.005384685560880819,512,73.45464920143101,0.7872984707719094,3,0.005859375,True,111010000010,78.24016394352384,0.0078125,000110110101,93.29962133393254
12,1,22,1203048,72.86035909199637,0.780928776008686,0.005384685560880819,512,72.82516368402193,0.7805515460963836,3,0.005859375,True,111110000001,68.86849893659236,0.009765625,111001001010,93.29962133393254
12,1,23,1203049,72.86035909199637,0.780928776008686,0.005384685560880819,512,72.37703484339386,0.7757484307759662,4,0.0078125,True,001010110111,86.84224211965761,0.009765625,111001001010,93.29962133393254
12,1,24,1203050,72.86035909199637,0.780928776008686,0.005384685560880819,512,72.41700297896668,0.7761768155325226,2,0.00390625,True,111101001001,83.92795632700106,0.01171875,111001001010,93.29962133393254
12,1,25,1203051,72.86035909199637,0.780928776008686,0.005384685560880819,512,73.33404030858298,0.7860057657092202,4,0.0078125,True,101101101001,79.02082090217276,0.0078125,111001001010,93.29962133393254
12,1,26,1203052,72.86035909199637,0.780928776008686,0.005384685560880819,512,73.96324862891785,0.7927497193429537,3,0.005859375,True,111110000000,72.46233131365125,0.009765625,000110110101,93.29962133393254
12,1,27,1203053,72.86035909199637,0.780928776008686,0.005384685560880819,512,73.03253558591338,0.7827741907215384,4,0.0078125,True,111101001000,87.52178870405994,0.009765625,111001001010,93.29962133393254
12,1,28,1203054,72.86035909199637,0.780928776008686,0.005384685560880819,512,71.91353832086861,0.7707806022265228,3,0.005859375,True,111001101010,91.98218325094518,0.009765625,000110110101,93.29962133393254
12,1,29,1203055,72.86035909199637,0.780928776008686,0.005384685560880819,512,70.34186171267356,0.7539351254101168,3,0.005859375,True,101101101000,82.61465327923165,0.005859375,000110110101,93.29962133393254
12,1,30,1203056,72.86035909199637,0.780928776008686,0.005384685560880819,512,72.14751180119222,0.7732883667487495,5,0.009765625,True,111001001010,93.29962133393254,0.0078125,111001001010,93.29962133393254
12,2,1,1204027,77.06269077982085,0.8259700272769053,0.009035508882642148,512,77.22663334379814,0.8277271894350118,5,0.009765625,True,011010110011,83.55765836716756,0.01171875,000110110101,93.29962133393254
12,2,2,1204028,77.06269077982085,0.8259700272769053,0.009035508882642148,512,76.82942871409054,0.8234698878080615,5,0.009765625,True,100101101100,84.8750964501549,0.009765625,000110110101,93.29962133393254
12,2,3,1204029,77.06269077982085,0.8259700272769053,0.009035508882642148,512,76.47759740276607,0.8196989045362492,8,0.015625,True,111001101010,91.98218325094518,0.017578125,111001001010,93.29962133393254
12,2,4,1204030,77.06269077982085,0.8259700272769053,0.009035508882642148,512,77.04390402623999,0.8257686679003949,3,0.005859375,True,111010100010,76.9227258605365,0.009765625,000110110101,93.29962133393254
12,2,5,1204031,77.06269077982085,0.8259700272769053,0.009035508882642148,512,76.18206457809367,0.8165313372895603,4,0.0078125,True,010110010001,91.33247566442982,0.009765625,111001001010,93.29962133393254
12,2,6,1204032,77.06269077982085,0.8259700272769053,0.009035508882642148,512,76.63695906537127,0.8214069678737337,2,0.00390625,True,100100101100,81.63839546455773,0.009765625,111001001010,93.29962133393254
12,2,7,1204033,77.06269077982085,0.8259700272769053,0.009035508882642148,512,77.16148493417869,0.8270289185450922,7,0.013671875,True,111001101010,91.98218325094518,0.01171875,000110110101,93.29962133393254
12,2,8,1204034,77.06269077982085,0.8259700272769053,0.009035508882642148,512,77.1538019756738,0.8269465713887493,5,0.009765625,True,001100011100,77.24514105347711,0.009765625,000110110101,93.29962133393254
12,2,9,1204035,77.06269077982085,0.8259700272769053,0.009035508882642148,512,77.46407598941744,0.8302721370159264,5,0.009765625,True,110011000010,80.79731834471869,0.009765625,111001001010,93.29962133393254
12,2,10,1204036,77.06269077982085,0.8259700272769053,0.009035508882642148,512,77.05226192687743,0.8258582491925563,3,0.005859375,True,001010110111,86.84224211965761,0.01171875,000110110101,93.29962133393254
12,2,11,1204037,77.06269077982085,0.8259700272769053,0.009035508882642148,512,77.10067697859378,0.8263771693234536,3,0.005859375,True,110001001010,92.6200747495302,0.01171875,111001001010,93.29962133393254
12,2,12,1204038,77.06269077982085,0.8259700272769053,0.009035508882642148,512,76.62401957176735,0.8212682803483329,4,0.0078125,True,011111110000,83.86405080318873,0.0078125,111001001010,93.29962133393254
12,2,13,1204039,77.06269077982085,0.8259700272769053,0.009035508882642148,512,77.08906850788038,0.8262527479105136,7,0.013671875,True,111001001010,93.29962133393254,0.009765625,111001001010,93.29962133393254
12,2,14,1204040,77.06269077982085,0.8259700272769053,0.009035508882642148,512,77.39379508976612,0.8295188552914676,6,0.01171875,True,000110010101,91.98218325094518,0.01171875,111001001010,93.29962133393254
12,2,15,1204041,77.06269077982085,0.8259700272769053,0.009035508882642148,512,77.88699575787581,0.8348050575401728,1,0.001953125,True,001110110100,90.38533554127598,0.009765625,111001001010,93.29962133393254
12,2,16,1204042,77.06269077982085,0.8259700272769053,0.009035508882642148,512,77.53011392905731,0.8309799420283609,3,0.005859375,True,111011100010,80.15942684613367,0.009765625,111001001010,93.29962133393254
12,2,17,1204043,77.06269077982085,0.8259700272769053,0.009035508882642148,512,76.25191299085517,0.8172799835515848,3,0.005859375,True,110001001010,92.6200747495302,0.009765625,000110110101,93.29962133393254
12,2,18,1204044,77.06269077982085,0.8259700272769053,0.009035508882642148,512,77.00344182266548,0.8253349876453724,6,0.01171875,True,001110110100,90.38533554127598,0.009765625,000110110101,93.29962133393254
12,2,19,1204045,77.06269077982085,0.8259700272769053,0.009035508882642148,512,77.09252442745851,0.8262897889995195,5,0.009765625,True,110111000000,75.0194857148461,0.0078125,111001001010,93.29962133393254
12,2,20,1204046,77.06269077982085,0.8259700272769053,0.009035508882642148,512,77.35243780116696,0.829075581374522,4,0.0078125,True,110001001010,92.6200747495302,0.01171875,111001001010,93.29962133393254
12,2,21,1204047,77.06269077982085,0.8259700272769053,0.009035508882642148,512,77.24268828719093,0.8278992688407253,8,0.015625,True,111001101010,91.98218325094518,0.009765625,111001001010,93.29962133393254
12,2,22,1204048,77.06269077982085,0.8259700272769053,0.009035508882642148,512,77.28499096629199,0.8283526756016028,8,0.015625,True,111001001010,93.29962133393254,0.01171875,111001001010,93.29962133393254
12,2,23,1204049,77.06269077982085,0.8259700272769053,0.009035508882642148,512,76.96809165175543,0.8249560989596108,4,0.0078125,True,001110010100,89.06789745828863,0.0078125,111001001010,93.29962133393254
12,2,24,1204050,77.06269077982085,0.8259700272769053,0.009035508882642148,512,76.91542177016368,0.8243915748936226,5,0.009765625,True,110001001011,90.38533554127598,0.009765625,111001001010,93.29962133393254
12,2,25,1204051,77.06269077982085,0.8259700272769053,0.009035508882642148,512,76.34801969255581,0.81831007027996,2,0.00390625,True,101010100010,73.33302851869554,0.009765625,111001001010,93.29962133393254
12,2,26,1204052,77.06269077982085,0.8259700272769053,0.009035508882642148,512,76.99236452619694,0.8252162594414427,5,0.009765625,True,111100001001,80.69125534140387,0.01171875,111001001010,93.29962133393254
12,2,27,1204053,77.06269077982085,0.8259700272769053,0.009035508882642148,512,76.64143749858849,0.8214549684245729,6,0.01171875,True,111001001010,93.29962133393254,0.0078125,111001001010,93.29962133393254
12,2,28,1204054,77.06269077982085,0.8259700272769053,0.009035508882642148,512,77.28910595652727,0.8283967807134602,5,0.009765625,True,000110010100,88.3883508738863,0.009765625,000110110101,93.29962133393254
12,2,29,1204055,77.06269077982085,0.8259700272769053,0.009035508882642148,512,77.19409534968217,0.8273784421019568,5,0.009765625,True,001110110101,92.6200747495302,0.009765625,111001001010,93.29962133393254
12,2,30,1204056,77.06269077982085,0.8259700272769053,0.009035508882642148,512,76.61041058424372,0.8211224170819149,4,0.0078125,True,001010110111,86.84224211965761,0.01171875,111001001010,93.29962133393254
12,3,1,1205027,79.66793880681931,0.8538934849468585,0.014891247690491391,512,78.99803000953091,0.8467132972065904,7,0.013671875,True,000110110100,89.70578895687365,0.009765625,111001001010,93.29962133393254
12,3,2,1205028,79.66793880681931,0.8538934849468585,0.014891247690491391,512,79.79813496680444,0.8552889478450009,10,0.01953125,True,111001101010,91.98218325094518,0.013671875,111001001010,93.29962133393254
12,3,3,1205029,79.66793880681931,0.8538934849468585,0.014891247690491391,512,79.44424784754698,0.8514959301007701,5,0.009765625,True,110001001011,90.38533554127598,0.01171875,111001001010,93.29962133393254
12,3,4,1205030,79.66793880681931,0.8538934849468585,0.014891247690491391,512,79.48956794236548,0.8519816779973804,7,0.013671875,True,001110010101,91.30263666654285,0.015625,111001001010,93.29962133393254
12,3,5,1205031,79.66793880681931,0.8538934849468585,0.014891247690491391,512,79.28711629259476,0.8498117694074878,10,0.01953125,True,010110110001,90.01503758144248,0.013671875,111001001010,93.29962133393254
12,3,6,1205032,79.66793880681931,0.8538934849468585,0.014891247690491391,512,79.7170050980231,0.8544193851648999,11,0.021484375,True,000110110101,93.29962133393254,0.013671875,000110110101,93.29962133393254
12,3,7,1205033,79.66793880681931,0.8538934849468585,0.014891247690491391,512,80.11539463749699,0.8586893868408892,8,0.015625,True,110000001010,89.38337376393302,0.01171875,000110110101,93.29962133393254
12,3,8,1205034,79.66793880681931,0.8538934849468585,0.014891247690491391,512,79.45910477818634,0.8516551690175698,2,0.00390625,True,111001101010,91.98218325094518,0.015625,111001001010,93.29962133393254
12,3,9,1205035,79.66793880681931,0.8538934849468585,0.014891247690491391,512,80.1514577220343,0.8590759166469153,6,0.01171875,True,000010110111,87.52178870405994,0.013671875,111001001010,93.29962133393254
12,3,10,1205036,79.66793880681931,0.8538934849468585,0.014891247690491391,512,79.38106834902354,0.8508187623093177,6,0.01171875,True,001110110101,92.6200747495302,0.017578125,111001001010,93.29962133393254
12,3,11,1205037,79.66793880681931,0.8538934849468585,0.014891247690491391,512,79.67564320728592,0.8539760619215159,8,0.015625,True,011110010001,90.65292908002749,0.013671875,111001001010,93.29962133393254
12,3,12,1205038,79.66793880681931,0.8538934849468585,0.014891247690491391,512,79.55117390884244,0.8526419804251374,9,0.017578125,True,001110110101,92.6200747495302,0.017578125,111001001010,93.29962133393254
12,3,13,1205039,79.66793880681931,0.8538934849468585,0.014891247690491391,512,79.55269272034883,0.8526582592854869,9,0.017578125,True,000110010101,91.98218325094518,0.013671875,111001001010,93.29962133393254
12,3,14,1205040,79.66793880681931,0.8538934849468585,0.014891247690491391,512,79.10161525429251,0.8478235401344643,7,0.013671875,True,110101001000,86.84224211965761,0.01171875,000110110101,93.29962133393254
12,3,15,1205041,79.66793880681931,0.8538934849468585,0.014891247690491391,512,79.63919954020444,0.8535854529719872,6,0.01171875,True,111011100010,80.15942684613367,0.013671875,111001001010,93.29962133393254
12,3,16,1205042,79.66793880681931,0.8538934849468585,0.014891247690491391,512,79.65975780369676,0.8538057996700545,7,0.013671875,True,000110010100,88.3883508738863,0.009765625,111001001010,93.29962133393254
12,3,17,1205043,79.66793880681931,0.8538934849468585,0.014891247690491391,512,79.85883539670078,0.8559395445894158,4,0.0078125,True,001110110101,92.6200747495302,0.017578125,111001001010,93.29962133393254
12,3,18,1205044,79.66793880681931,0.8538934849468585,0.014891247690491391,512,79.85157361585803,0.8558617116814279,7,0.013671875,True,111000101010,88.745482265348,0.01171875,111001001010,93.29962133393254
12,3,19,1205045,79.66793880681931,0.8538934849468585,0.014891247690491391,512,79.27385528768593,0.8496696358734076,8,0.015625,True,111001101010,91.98218325094518,0.01953125,111001001010,93.29962133393254
12,3,20,1205046,79.66793880681931,0.8538934849468585,0.014891247690491391,512,79.69403410874749,0.8541731784928183,9,0.017578125,True,110101001000,86.84224211965761,0.013671875,000110110101,93.29962133393254
12,3,21,1205047,79.66793880681931,0.8538934849468585,0.014891247690491391,512,79.8144394390373,0.8554637017400263,6,0.01171875,True,110001101010,91.30263666654285,0.013671875,000110110101,93.29962133393254
12,3,22,1205048,79.66793880681931,0.8538934849468585,0.014891247690491391,512,79.57676610520397,0.8529162816065898,4,0.0078125,True,000111110101,90.06292034833535,0.01171875,111001001010,93.29962133393254
12,3,23,1205049,79.66793880681931,0.8538934849468585,0.014891247690491391,512,80.0421710116994,0.8579045645152563,7,0.013671875,True,110001101010,91.30263666654285,0.009765625,000110110101,93.29962133393254
12,3,24,1205050,79.66793880681931,0.8538934849468585,0.014891247690491391,512,79.55277366535825,0.8526591268668152,12,0.0234375,True,010110010001,91.33247566442982,0.013671875,111001001010,93.29962133393254
12,3,25,1205051,79.66793880681931,0.8538934849468585,0.014891247690491391,512,80.52325840090103,0.8630609347374792,8,0.015625,True,110001101010,91.30263666654285,0.01171875,000110110101,93.29962133393254
12,3,26,1205052,79.66793880681931,0.8538934849468585,0.014891247690491391,512,79.52758464060477,0.8523891469420012,6,0.01171875,True,101001001110,90.01503758144248,0.013671875,111001001010,93.29962133393254
12,3,27,1205053,79.66793880681931,0.8538934849468585,0.014891247690491391,512,79.01984728135189,0.84694713815373,7,0.013671875,True,001110110101,92.6200747495302,0.013671875,000110110101,93.29962133393254
12,3,28,1205054,79.66793880681931,0.8538934849468585,0.014891247690491391,512,79.17844314052562,0.8486469934897187,5,0.009765625,True,000110010100,88.3883508738863,0.01171875,111001001010,93.29962133393254
12,3,29,1205055,79.66793880681931,0.8538934849468585,0.014891247690491391,512,79.96940619084108,0.8571246597330465,10,0.01953125,True,000010010111,86.20435062107259,0.015625,111001001010,93.29962133393254
12,3,30,1205056,79.66793880681931,0.8538934849468585,0.014891247690491391,512,80.35976015050346,0.8613085348021273,6,0.01171875,True,101000101110,88.09577467883265,0.01171875,111001001010,93.29962133393254
