n,p,reinicio,fuente_elegida,convergencia_scipy,iteraciones,evaluaciones,esperanza,razon_esperada,probabilidad_optimo,bitstring_mas_probable,costo_bitstring_mas_probable,probabilidad_mas_alta,norma,gamma_escalado_1,gamma_fisico_1,beta_1,gamma_escalado_2,gamma_fisico_2,beta_2,gamma_escalado_3,gamma_fisico_3,beta_3
6,1,1,optimizado,True,6,30,32.11344632476573,0.8384320074488435,0.15741750635745325,100010,38.30178957666869,0.07870875317872662,1.0000000000000004,3.6814349449326413,0.09611652576795537,0.3926990925305112,,,,,,
6,1,2,optimizado,True,6,30,32.11344632476563,0.8384320074488409,0.15741750530002155,100010,38.30178957666869,0.07870875265001077,0.9999999999999998,3.6814351969787755,0.09611653234848691,0.3926990744806788,,,,,,
6,1,3,optimizado,True,6,30,32.11344632476569,0.8384320074488424,0.15741750436907256,100010,38.30178957666869,0.07870875218453628,1.0000000000000004,3.681434723076952,0.09611651997564928,0.3926990745303955,,,,,,
6,1,4,optimizado,True,6,42,32.11344632476574,0.8384320074488437,0.1574175064698995,100010,38.30178957666869,0.07870875323494975,1.0000000000000009,3.6814349708088896,0.09611652644354386,0.392699093243063,,,,,,
6,1,5,optimizado,True,11,39,32.11344632476566,0.8384320074488417,0.1574175043618458,100010,38.30178957666869,0.0787087521809229,1.0,3.68143511324665,0.09611653016237168,1.963495392302728,,,,,,
6,1,6,optimizado,True,11,39,32.11344632476573,0.8384320074488435,0.15741750557028278,100010,38.30178957666869,0.07870875278514139,1.0,3.6814349522933925,0.0961165259601331,1.9634954100186477,,,,,,
6,2,1,optimizado,True,1,15,32.11344632476575,0.8384320074488439,0.15741750471077126,100010,38.30178957666869,0.07870875235538563,1.0000000000000007,3.681434968094326,0.09611652637267085,0.3926990728838341,2.7145638516586834e-09,7.087302921265825e-11,0.0,,,
6,2,2,optimizado,True,31,220,33.63122312793922,0.8780587930350001,0.2184214892249874,100010,38.30178957666869,0.1092107446124937,0.9999999999999989,2.5463358423992273,0.06648085821717861,0.5370870735611494,5.469903771606041,0.1428106579841866,0.23408271242889028,,,
6,2,3,optimizado,True,40,230,33.631223127940316,0.8780587930350287,0.2184214864847911,100010,38.30178957666869,0.10921074324239555,1.0000000000000004,2.54633349713781,0.06648079698606009,0.5370872586705523,5.469902495590331,0.14281062466940617,0.23408295423699593,,,
6,2,4,optimizado,True,32,285,33.631223127939585,0.8780587930350096,0.21842150058068235,100010,38.30178957666869,0.10921075029034118,1.0000000000000004,2.54633513477503,0.06648083974221425,0.5370872236591505,5.469904575562607,0.1428106789742389,0.23408285179468774,,,
6,2,5,optimizado,True,14,85,32.113446324765555,0.838432007448839,0.1574175053623169,100010,38.30178957666869,0.07870875268115846,0.9999999999999993,2.7870376571406803,0.0727652072617911,3.141592653589793,0.8943976427701132,0.023351327774090287,0.3926990728457243,,,
6,2,6,optimizado,True,34,245,33.631223127938526,0.8780587930349819,0.21842144032670063,100010,38.30178957666869,0.10921072016335032,0.9999999999999998,2.54633250451993,0.06648077107035508,2.1078833742843024,5.469899553920799,0.14281054786700179,0.23408285086070785,,,
6,2,7,optimizado,True,14,85,32.11344632476556,0.8384320074488391,0.15741750396081117,100010,38.30178957666869,0.07870875198040558,1.0000000000000009,3.6814345280775167,0.0961165148845181,1.1085459990965356,0.0,0.0,0.8549494019567218,,,
6,2,8,optimizado,True,24,140,33.63122312794028,0.8780587930350277,0.21842146145598687,100010,38.30178957666869,0.10921073072799344,0.9999999999999998,2.546333274914165,0.06648079118414724,0.5370871267536911,5.469901684510476,0.14281060349337593,1.8048792075793831,,,
6,2,9,optimizado,True,25,145,33.63122312790085,0.8780587930339983,0.21842150008852634,100010,38.30178957666869,0.10921075004426317,1.0000000000000009,2.5463279876554563,0.06648065314206704,0.5370879997869737,5.46989812335924,0.14281051051727023,0.23408344157889277,,,
6,2,10,optimizado,True,12,70,32.11344632476573,0.8384320074488435,0.15741750445449068,100010,38.30178957666869,0.07870875222724534,1.0000000000000004,3.681434850024762,0.09611652329005864,1.9634953994085542,0.562310910814247,0.014681061042046724,3.141592653589793,,,
6,3,1,optimizado,True,1,21,33.631223127940345,0.8780587930350294,0.21842147991758387,100010,38.30178957666869,0.10921073995879194,0.9999999999999996,2.54633349713781,0.06648079698606009,0.5370872410701122,5.469902495590331,0.14281062466940617,0.23408292406481274,0.0,0.0,0.0
6,3,2,optimizado,True,51,504,35.135984520981594,0.9173457665582081,0.3792348045729933,100010,38.30178957666869,0.18961740228649665,1.0000000000000009,3.0460072946261167,0.07952650067232629,0.5982047406146546,5.250199007588079,0.1370745091922211,0.45898145955832825,5.903443761784392,0.15412971108731813,0.29902871478288623
6,3,3,optimizado,True,52,455,35.13598452098282,0.9173457665582401,0.3792347701492646,100010,38.30178957666869,0.1896173850746323,0.9999999999999992,3.0460075930693047,0.07952650846421255,0.5982047480202383,5.250197363336089,0.1370744662633656,0.45898147025636066,5.903442899353979,0.15412968857060486,0.2990286676870169
6,3,4,optimizado,True,18,140,33.63122312795594,0.8780587930354365,0.2184214477993501,100010,38.30178957666869,0.10921072389967505,0.9999999999999993,2.5463323990393705,0.06648076831642215,0.5370871340754897,5.469900388688901,0.14281056966149522,0.23406657468808356,7.001358955354835e-07,1.8279456475778655e-08,1.63239728103293e-05
6,3,5,optimizado,True,29,245,33.631223127939776,0.8780587930350146,0.21842150995535894,100010,38.30178957666869,0.10921075497767947,1.0,2.5463353193645855,0.06648084456155971,2.107883558427981,5.469904321312461,0.14281067233616404,1.8048791903964299,1.8079606299559623,0.047203032805402625,3.141592653589793
6,3,6,optimizado,True,51,525,33.63122312793506,0.8780587930348913,0.2184214441851594,100010,38.30178957666869,0.1092107220925797,0.9999999999999987,2.546335885078368,0.06648085933146443,0.5370868720036357,2.61106373346585e-06,6.817080251951485e-08,3.141592653589793,5.469899263413453,0.14281054028230797,1.8048787998188425
6,3,7,optimizado,True,23,175,32.11344632476559,0.8384320074488398,0.15741750613589625,100010,38.30178957666869,0.07870875306794813,1.0000000000000004,2.8433278104315556,0.0742348553881859,3.141592653589793,0.838107490919866,0.021881679685308048,0.5601182019304403,0.0,0.0,1.4033772066575256
6,3,8,optimizado,True,43,336,35.1359845209779,0.9173457665581116,0.37923478398600524,100010,38.30178957666869,0.18961739199300262,1.0000000000000013,3.0460075245402365,0.07952650667502544,2.1690012195317436,5.250199772921143,0.137074529173874,0.4589815499937196,5.903444581045144,0.15412973247693884,0.29902876023268593
6,3,9,optimizado,True,34,315,35.135984520974446,0.9173457665580215,0.37923475684027746,100010,38.30178957666869,0.18961737842013873,0.9999999999999997,3.0460082848983765,0.0795265265267908,2.169001248036212,5.250194539288214,0.13707439253187925,0.4589817585120912,5.90344117379137,0.15412964351885589,1.8698254670747865
6,3,10,optimizado,True,38,343,33.63122312794003,0.8780587930350212,0.21842150439464963,100010,38.30178957666869,0.10921075219732482,1.0000000000000002,1.1626177867401313,0.030354137484163986,3.141592653589793,1.3837174337241644,0.036126704495263375,2.1078835403896186,5.469904002755141,0.14281066401912917,1.804879172029295
6,3,11,optimizado,True,38,329,35.13598452097776,0.917345766558108,0.3792348213048408,100010,38.30178957666869,0.1896174106524204,1.0000000000000004,3.046006134637672,0.07952647038683681,2.169000776109385,5.250198165322785,0.13707448720198767,0.4589813466176234,5.903445044938571,0.15412974458847284,1.8698249979004298
6,3,12,optimizado,True,35,315,35.13598452098166,0.9173457665582098,0.3792348436724204,100010,38.30178957666869,0.1896174218362102,1.0000000000000009,3.0460088671154533,0.0795265417275708,2.1690011369536752,5.250198980457063,0.1370745084838726,0.4589815706732477,5.9034433684354495,0.15412970081759061,0.2990288619371788
8,1,1,optimizado,True,11,39,34.26318835186905,0.8115770098869269,0.0468782647750566,11010010,42.218037146668195,0.0234391323875283,1.0000000000000004,4.0305437245882425,0.0954697090833173,0.39269909681599496,,,,,,
8,1,2,optimizado,True,6,36,34.263188351869076,0.8115770098869277,0.04687826357819908,11010010,42.218037146668195,0.02343913178909954,1.0000000000000004,4.030543412692703,0.0954697016955854,0.39269907004967425,,,,,,
8,1,3,optimizado,True,6,30,34.26318835186905,0.8115770098869269,0.04687826364356625,11010010,42.218037146668195,0.023439131821783126,1.0,4.030543663402644,0.09546970763404104,0.3926990637748845,,,,,,
8,1,4,optimizado,True,7,33,34.263188351869076,0.8115770098869277,0.04687826409569243,11010010,42.218037146668195,0.023439132047846215,1.0,4.030543404786831,0.09546970150832251,1.9634954131443512,,,,,,
8,1,5,optimizado,True,6,30,34.26318835186908,0.8115770098869278,0.04687826369593861,11010010,42.218037146668195,0.023439131847969304,1.0,4.030543541832519,0.09546970475446319,0.39269906942299854,,,,,,
8,1,6,optimizado,True,6,30,34.26318835186906,0.8115770098869273,0.04687826460369554,11010010,42.218037146668195,0.02343913230184777,1.0000000000000007,4.0305437843738225,0.09546971049943193,0.3926990895258024,,,,,,
8,2,1,optimizado,True,1,20,34.26318835186908,0.8115770098869278,0.04687826377660913,11010010,42.218037146668195,0.023439131888304564,1.0,4.030543541832519,0.09546970475446319,0.39269906906583846,0.0,0.0,2.857280672393781e-09,,,
8,2,2,optimizado,True,33,205,36.092385310499424,0.8549043903669319,0.07680700151289233,11010010,42.218037146668195,0.03840350075644616,1.0000000000000007,2.9235044992858072,0.0692477598860681,0.5291866807179657,6.068943105576399,0.14375237494583293,0.23115252321163368,,,
8,2,3,optimizado,True,31,200,36.09238531050072,0.8549043903669625,0.07680697534346233,11010010,42.218037146668195,0.038403487671731164,1.0,2.9235022251665588,0.06924770602000985,0.5291866286701038,6.068940651967325,0.14375231682827844,0.2311525521780229,,,
8,2,4,optimizado,True,34,210,36.092385310500845,0.8549043903669655,0.07680698482108617,11010010,42.218037146668195,0.03840349241054308,1.0,2.923503006269447,0.06924772452164897,0.5291865925539223,6.06894080014451,0.143752320338086,0.2311525565459262,,,
8,2,5,optimizado,True,28,155,36.09238531050041,0.8549043903669553,0.07680697033522418,11010010,42.218037146668195,0.03840348516761209,1.0,2.923501567935343,0.0692476904524643,0.5291866264167012,6.068939325098797,0.14375228539932963,1.8019489092110246,,,
8,2,6,optimizado,True,14,80,34.263188351869026,0.8115770098869265,0.04687826364711627,11010010,42.218037146668195,0.023439131823558133,0.9999999999999993,4.030543669442646,0.0954697077771079,1.9634953904798276,5.233673419417146,0.12396771079313623,3.141592653589793,,,
8,2,7,optimizado,True,24,155,36.09238531050085,0.8549043903669657,0.07680697959434885,11010010,42.218037146668195,0.03840348979717442,0.9999999999999991,2.923501943878231,0.06924769935725746,0.5291866525161367,6.068939982632028,0.14375230097402888,1.8019489504534667,,,
8,2,8,optimizado,True,19,130,34.26318835186905,0.8115770098869269,0.04687826442559692,11010010,42.218037146668195,0.02343913221279846,1.0000000000000004,4.030543793346354,0.09546971071196031,0.39269908370914663,1.6168626437562517,0.03829791134268419,3.141592653589793,,,
8,2,9,optimizado,True,11,70,34.263188351869005,0.8115770098869259,0.04687826414444628,11010010,42.218037146668195,0.02343913207222314,1.0000000000000002,0.5726185789136776,0.013563363377276396,3.141592653589793,3.4579252676789456,0.08190634859590477,0.3926990732328935,,,
8,2,10,optimizado,True,26,145,36.09238531050025,0.8549043903669514,0.07680697527810047,11010010,42.218037146668195,0.038403487639050236,1.0000000000000004,2.92350129428329,0.06924768397058899,0.5291866669374542,6.068939037320254,0.1437522785828464,1.8019489839793175,,,
8,3,1,optimizado,True,1,56,36.09238531050093,0.8549043903669675,0.0768069797803688,11010010,42.218037146668195,0.0384034898901844,1.0000000000000013,2.923501944050613,0.06924769936134059,0.5291866521713724,6.06893998280441,0.143752300978112,1.801948951660142,0.0,0.0,6.895286615861248e-10
8,3,2,optimizado,True,57,525,37.761952520493146,0.8944506914927012,0.15349081754305793,11010010,42.218037146668195,0.07674540877152897,1.0000000000000013,3.2751030210281926,0.07757591878435648,0.5878051720313539,5.73438178115876,0.13582776861596502,1.9861912124852932,6.283185307179586,0.14882703535347191,0.25980229043961867
8,3,3,optimizado,True,45,434,37.76195252049564,0.8944506914927602,0.1534909101972567,11010010,42.218037146668195,0.07674545509862835,1.0000000000000002,3.275105813015402,0.0775759849169244,0.5878052082137515,5.734384913772567,0.13582784281680474,1.9861913542906977,6.283185307179586,0.14882703535347191,0.2598025009082105
8,3,4,optimizado,True,48,427,37.76195252048237,0.8944506914924458,0.153490785964876,11010010,42.218037146668195,0.076745392982438,1.0000000000000009,3.2750999387720263,0.07757584577631596,0.5878051135288583,5.734380061847523,0.1358277278913991,1.9861913004779028,6.283185307179586,0.14882703535347191,0.2598024375458023
8,3,5,optimizado,True,15,147,34.263188351869005,0.8115770098869259,0.04687826468069154,11010010,42.218037146668195,0.02343913234034577,0.9999999999999991,0.0,0.0,3.0283435501937546,4.0305437504868475,0.09546970969676612,1.9634954198288894,2.4721282121730184,0.05855620912707759,3.141592653589793
8,3,6,optimizado,True,29,224,37.76195252049534,0.8944506914927531,0.15349086751246693,11010010,42.218037146668195,0.07674543375623347,1.0000000000000004,3.2751044241669036,0.07757595201988342,0.587805132793441,5.734384294503483,0.13582782814845146,1.9861911464758566,6.283185307179586,0.14882703535347191,0.2598022604410977
8,3,7,optimizado,True,27,210,36.09238531050087,0.8549043903669662,0.07680699084029514,11010010,42.218037146668195,0.03840349542014757,0.9999999999999991,2.923503208603585,0.06924772931424833,0.529186651409525,4.155541105836357,0.09843046684687513,3.141592653589793,1.913400254117302,0.04532186675116292,1.8019489073774866
8,3,8,optimizado,True,30,224,36.09238531049982,0.8549043903669413,0.0768069906303424,11010010,42.218037146668195,0.0384034953151712,0.9999999999999996,2.923502949066525,0.06924772316670863,2.0999830554020065,3.15516114649623,0.07473490857558023,3.141592653589793,2.9137790832092563,0.06901739825076854,1.801948920550885
8,3,9,optimizado,True,44,371,37.76195252049234,0.8944506914926822,0.15349089518979264,11010010,42.218037146668195,0.07674544759489632,0.9999999999999991,3.275104102294274,0.0775759443958286,0.5878049886442857,5.73438337449755,0.1358278063566772,0.4153948458574382,6.283185307179586,0.14882703535347191,0.25980246993610284
8,3,10,optimizado,True,44,385,37.7619525204957,0.8944506914927616,0.15349086921443938,11010010,42.218037146668195,0.07674543460721969,0.9999999999999998,3.2751045382254214,0.07757595472153715,2.1586015042784155,5.7343843125425495,0.13582782857573483,1.986191237234369,6.283185307179586,0.14882703535347191,1.8305986331067317
8,3,11,optimizado,True,41,329,36.092385310500056,0.8549043903669469,0.07680698166867225,11010010,42.218037146668195,0.038403490834336126,0.9999999999999987,0.0,0.0,2.5288494081446404,2.9235032276604405,0.06924772976563966,2.0999829743432437,6.068941637744897,0.1437523401779564,1.80194881502914
8,3,12,optimizado,True,46,378,37.7619525204957,0.8944506914927616,0.15349089402078336,11010010,42.218037146668195,0.07674544701039168,1.0000000000000013,3.275105369288353,0.07757597440655777,0.5878052245319597,5.734384659448565,0.1358278367927444,1.986191387727462,6.283185307179586,0.14882703535347191,1.8305987718435248
10,1,1,optimizado,True,9,33,69.11824886981255,0.7937779030146769,0.016451280145754164,1100101010,87.07504782611689,0.008225640072877082,0.9999999999999991,4.292946344129352,0.049301682298346146,0.39269904421494195,,,,,,
10,1,2,optimizado,True,6,33,69.11824886981353,0.7937779030146882,0.01645128132388452,1100101010,87.07504782611689,0.00822564066194226,1.0000000000000009,4.292946811596285,0.04930168766689827,0.392699078691232,,,,,,
10,1,3,optimizado,True,6,45,69.1182488698135,0.7937779030146879,0.016451282017725888,1100101010,87.07504782611689,0.008225641008862944,1.0000000000000009,4.2929472207984425,0.04930169236631754,0.3926990767390006,,,,,,
10,1,4,optimizado,True,6,33,69.11824886981307,0.793777903014683,0.01645128258463574,1100101010,87.07504782611689,0.00822564129231787,1.0000000000000009,4.292947546063716,0.049301696101776565,0.39269907665281084,,,,,,
10,1,5,optimizado,True,7,33,69.11824886981296,0.7937779030146817,0.016451280647706252,1100101010,87.07504782611689,0.008225640323853126,1.0000000000000004,4.292946357935981,0.049301682456906255,1.9634954165102867,,,,,,
10,1,6,optimizado,True,6,30,69.1182488698135,0.7937779030146879,0.016451281590538862,1100101010,87.07504782611689,0.008225640795269431,1.0000000000000009,4.2929470561653,0.04930169047561352,0.39269906342859057,,,,,,
10,2,1,optimizado,True,1,175,69.11824886981353,0.7937779030146882,0.01645128132388451,1100101010,87.07504782611689,0.008225640661942256,1.0000000000000009,4.292946811596285,0.04930168766689827,0.39269907869123116,6.847011561929149e-17,7.863345163420526e-19,4.1082069371574895e-16,,,
10,2,2,optimizado,True,33,245,73.42394926211962,0.8432260572185328,0.027111375794108213,1100101010,87.07504782611689,0.013555687897054107,0.9999999999999996,3.2481160709769883,0.037302489656887886,0.4919720668501374,6.283185307179586,0.07215827569329401,0.20903522902679506,,,
10,2,3,optimizado,True,32,215,73.42394926211954,0.8432260572185318,0.027111375897262452,1100101010,87.07504782611689,0.013555687948631226,0.9999999999999991,3.2481157228418183,0.037302485658783045,0.491972120225349,6.283185307179586,0.07215827569329401,0.20903526682660345,,,
10,2,4,optimizado,True,27,175,73.4239492621188,0.8432260572185234,0.0271113747594592,1100101010,87.07504782611689,0.0135556873797296,0.9999999999999998,3.248115514107497,0.037302483261605825,0.4919720255547834,6.283185307179586,0.07215827569329401,0.2090352439271213,,,
10,2,5,optimizado,True,35,265,73.42394926211966,0.8432260572185334,0.02711137555304355,1100101010,87.07504782611689,0.013555687776521774,1.0000000000000013,3.2481160142481467,0.03730248900539423,2.062768376682386,6.283185307179586,0.07215827569329401,1.7798315523563017,,,
10,2,6,optimizado,True,22,165,73.42394926211897,0.8432260572185254,0.027111375157754955,1100101010,87.07504782611689,0.013555687578877477,0.9999999999999993,3.248115121948031,0.03730247875791073,0.4919721142039794,6.283185307179586,0.07215827569329401,0.2090352970849498,,,
10,2,7,optimizado,True,12,70,69.11824886981323,0.7937779030146848,0.01645128076436579,1100101010,87.07504782611689,0.008225640382182896,1.0000000000000009,1.7553124217884695,0.02015861564906345,3.141592653589793,2.537634219325197,0.029143070059953393,0.3926990537526529,,,
10,2,8,optimizado,True,30,185,73.42394926211949,0.8432260572185314,0.027111375840294775,1100101010,87.07504782611689,0.013555687920147387,1.0000000000000018,3.2481156207371615,0.03730248448617782,0.49197214528444794,6.283185307179586,0.07215827569329401,0.20903527660848067,,,
10,2,9,optimizado,True,31,235,73.42394926211921,0.8432260572185282,0.02711137711768903,1100101010,87.07504782611689,0.013555688558844516,1.0,3.248115590468697,0.03730248413856429,0.49197214885383833,6.283185307179586,0.07215827569329401,1.7798316402998298,,,
10,2,10,optimizado,True,28,155,73.42394926211873,0.8432260572185226,0.0271113750374801,1100101010,87.07504782611689,0.01355568751874005,1.0,3.2481151528655574,0.03730247911297831,0.49197216980964603,6.283185307179586,0.07215827569329401,1.7798316240791399,,,
10,3,1,optimizado,True,1,77,73.42394926211966,0.8432260572185334,0.027111375553019262,1100101010,87.07504782611689,0.013555687776509631,1.0000000000000013,3.2481160142481467,0.03730248900539423,2.062768376682386,6.283185307179586,0.07215827569329401,1.779831552355472,0.0,0.0,1.8440990921595864e-13
10,3,2,optimizado,True,39,329,75.86173388974439,0.8712224199933215,0.042463588694483044,1100101010,87.07504782611689,0.021231794347241522,1.0000000000000009,3.143535686919092,0.03610145231419845,2.1327025278216007,6.107891377042852,0.07014513950205133,1.8829326523851515,6.283185307179586,0.07215827569329401,0.16068436038183875
10,3,3,optimizado,True,42,364,75.86173388974608,0.8712224199933409,0.04246361749584996,1100101010,87.07504782611689,0.02123180874792498,0.9999999999999993,3.1435395933580343,0.03610149717709592,2.1327028404562807,6.1079017824580095,0.07014525900144199,1.8829328683488054,6.283185307179586,0.07215827569329401,0.16068429008488483
10,3,4,optimizado,True,53,392,75.86173388975661,0.871222419993462,0.042463598560791,1100101010,87.07504782611689,0.0212317992803955,0.9999999999999991,3.1435380226586895,0.03610147913864077,2.1327026822716824,6.1078980559396525,0.07014521620481483,1.8829327178435242,6.283185307179586,0.07215827569329401,0.16068418595078163
10,3,5,optimizado,True,36,308,75.86173388974315,0.8712224199933074,0.04246360488461289,1100101010,87.07504782611689,0.021231802442306446,0.9999999999999989,3.1435353947350007,0.03610144895865518,2.132702941056284,6.107894239183251,0.07014517237186271,1.882933062075887,6.283185307179586,0.07215827569329401,0.16068456681714335
10,3,6,optimizado,True,43,336,75.8617338897538,0.8712224199934296,0.04246360383149216,1100101010,87.07504782611689,0.02123180191574608,1.0000000000000013,3.1435378342615814,0.036101476975023146,2.1327026189046467,6.107898407098066,0.07014522023763964,1.8829327298388838,6.283185307179586,0.07215827569329401,1.7314805809608518
10,3,7,optimizado,True,27,245,73.4239492621194,0.8432260572185303,0.027111375115915343,1100101010,87.07504782611689,0.013555687557957672,0.9999999999999989,3.2481161835307666,0.03730249094949445,0.49197206219734313,6.283185307179586,0.07215827569329401,1.7798315278152288,4.663974414413734,0.05356269713025616,3.141592653589793
10,3,8,optimizado,True,23,329,73.423949262119,0.8432260572185256,0.0271113756277014,1100101010,87.07504782611689,0.0135556878138507,1.0000000000000016,3.248116626703961,0.037302496039048866,0.49197201531353363,6.283185307179586,0.07215827569329401,1.7798314990678776,5.85456819229677,0.06723588833234226,3.141592653589793
10,3,9,optimizado,True,26,238,73.42394926211901,0.8432260572185258,0.027111375020245444,1100101010,87.07504782611689,0.013555687510122722,0.999999999999998,3.2481162267364603,0.037302491445683594,2.062768341027161,6.283185307179586,0.07215827569329401,0.38163834051703466,0.0,0.0,2.968989502738416
10,3,10,optimizado,True,29,252,73.63790429344482,0.8456831908826776,0.0287428213508835,1100101010,87.07504782611689,0.01437141067544175,0.9999999999999998,3.600342495986181,0.04134757988417031,2.0714087714050478,4.574718036537294,0.052537645980669095,3.141592653589793,2.486929579832778,0.028560760422954103,0.20789785326291646
10,3,11,optimizado,True,23,217,69.11824886981327,0.7937779030146852,0.016451282222125777,1100101010,87.07504782611689,0.008225641111062889,1.0000000000000009,1.8418104601334524,0.02115198907236427,3.141592653589793,2.4511369230748725,0.028149705159124593,2.0971417226584887,0.0,0.0,3.007946326931579
10,3,12,optimizado,True,27,210,75.86173388975389,0.8712224199934308,0.042463603536409,1100101010,87.07504782611689,0.0212318017682045,1.0000000000000004,3.1435396453214155,0.03610149777386138,0.5619063140929191,6.107899745272842,0.07014523560570213,1.8829325914286401,6.283185307179586,0.07215827569329401,0.16068413717216048
12,1,1,optimizado,True,7,33,72.86035909199501,0.7809287760086714,0.005384686362399823,111001001010,93.29962133393254,0.0026923431811999117,1.0000000000000013,4.6492947907288364,0.04983187202856191,0.3926990880471894,,,,,,
12,1,2,optimizado,True,7,33,72.86035909199607,0.7809287760086828,0.005384685850079446,111001001010,93.29962133393254,0.002692342925039723,0.9999999999999991,4.649294047127717,0.04983186405852828,0.39269910211538317,,,,,,
12,1,3,optimizado,True,6,30,72.86035909199529,0.7809287760086745,0.005384684833793564,111001001010,93.29962133393254,0.002692342416896782,1.0,4.649292924483373,0.049831852025849825,0.39269905562715113,,,,,,
12,1,4,optimizado,True,6,30,72.86035909199637,0.780928776008686,0.005384685560880819,111001001010,93.29962133393254,0.0026923427804404097,1.0000000000000002,4.649293743769748,0.049831860807089914,0.3926990854865166,,,,,,
12,1,5,optimizado,True,12,42,72.86035909199612,0.7809287760086833,0.005384685806860285,111001001010,93.29962133393254,0.0026923429034301427,0.9999999999999988,4.649293971159689,0.04983186324429102,1.9634954328915342,,,,,,
12,1,6,optimizado,True,13,45,72.86035909199612,0.7809287760086833,0.005384685301165436,111001001010,93.29962133393254,0.002692342650582718,1.0000000000000009,4.649293584085697,0.04983185909557117,1.9634953735478444,,,,,,
12,2,1,optimizado,True,1,15,72.86035909199649,0.7809287760086873,0.0053846855608808315,111001001010,93.29962133393254,0.0026923427804404158,1.0000000000000018,4.649293743769748,0.049831860807089914,0.39269907558900835,0.0,0.0,9.89750827471068e-09,,,
12,2,2,optimizado,True,29,160,77.06269077982017,0.825970027276898,0.009035509305383157,111001001010,93.29962133393254,0.004517754652691578,1.0000000000000007,3.3432876398837896,0.03583388219598025,0.47199016122106596,6.283185307179586,0.06734416728822452,0.20292832428998933,,,
12,2,3,optimizado,True,29,195,77.06269077982068,0.8259700272769035,0.009035508966404513,111001001010,93.29962133393254,0.0045177544832022565,1.0000000000000002,3.3432869553918803,0.03583387485948843,0.4719901890008863,6.283185307179586,0.06734416728822452,0.20292836562135838,,,
12,2,4,optimizado,True,38,250,77.06269077982085,0.8259700272769053,0.009035508882642148,111001001010,93.29962133393254,0.004517754441321074,1.0000000000000018,3.3432868438488197,0.035833873663952374,0.4719901999808215,6.283185307179586,0.06734416728822452,0.2029283727010419,,,
12,2,5,optimizado,True,24,150,77.06269077982046,0.825970027276901,0.009035508412452136,111001001010,93.29962133393254,0.004517754206226068,1.0000000000000004,3.343286289912922,0.0358338677267804,2.042786598315931,6.283185307179586,0.06734416728822452,0.2029284101863776,,,
12,2,6,optimizado,True,15,90,72.86035909199603,0.7809287760086824,0.005384685711305993,111001001010,93.29962133393254,0.0026923428556529963,1.0000000000000004,3.264281797361903,0.03498708516303879,3.141592653589793,1.385012311242678,0.01484477955440818,0.39269905043047687,,,
12,2,7,optimizado,True,12,105,72.8603590919964,0.7809287760086864,0.005384685481749027,111001001010,93.29962133393254,0.0026923427408745136,1.0000000000000009,0.9162810758430033,0.009820844529938654,3.141592653589793,3.7330126078422334,0.040011015633156025,1.9634954028927833,,,
12,2,8,optimizado,True,19,105,72.86035909199546,0.7809287760086763,0.005384686209550641,111001001010,93.29962133393254,0.0026923431047753206,1.0000000000000009,0.0442961223275053,0.00047477279857312217,3.141592653589793,4.604998485034488,0.04935709726463416,1.9634954109155696,,,
12,2,9,optimizado,True,20,120,77.06269077981818,0.8259700272768766,0.009035508660754166,111001001010,93.29962133393254,0.004517754330377083,1.0000000000000007,3.3432880099533717,0.03583388616244417,0.47199024958118085,6.283185307179586,0.06734416728822452,0.2029282823800126,,,
12,2,10,optimizado,True,24,140,77.06269077982067,0.8259700272769033,0.009035509348915834,111001001010,93.29962133393254,0.004517754674457917,0.9999999999999996,3.3432864651069387,0.03583386960453739,0.47199025517196386,6.283185307179586,0.06734416728822452,1.773724780602346,,,
12,3,1,optimizado,False,0,287,77.06269077982085,0.8259700272769053,0.009035508882642148,111001001010,93.29962133393254,0.004517754441321074,1.0000000000000018,3.3432868438488197,0.035833873663952374,0.4719901999808215,6.283185307179586,0.06734416728822452,0.2029283727010419,0.0,0.0,0.0
12,3,2,optimizado,True,36,322,79.66793880681678,0.8538934849468313,0.014891250624311021,111001001010,93.29962133393254,0.007445625312155511,0.9999999999999997,3.361685780240278,0.03603107635489577,0.5262935470226499,6.283185307179586,0.06734416728822452,0.26592698963340644,6.283185307179586,0.06734416728822452,0.14293819856438275
12,3,3,optimizado,True,43,413,79.66793880681853,0.85389348494685,0.014891250339791539,111001001010,93.29962133393254,0.007445625169895769,0.9999999999999997,3.3616852290536823,0.036031070447191234,0.5262935478265791,6.283185307179586,0.06734416728822452,0.26592705407659595,6.283185307179586,0.06734416728822452,0.14293819909786779
12,3,4,optimizado,True,41,350,79.66793880681699,0.8538934849468336,0.014891246663344104,111001001010,93.29962133393254,0.007445623331672052,0.9999999999999991,3.3616823378329763,0.03603103945863346,0.5262936560130169,6.283185307179586,0.06734416728822452,0.2659271884246927,6.283185307179586,0.06734416728822452,0.1429382010077582
12,3,5,optimizado,True,49,483,77.66873850006567,0.8324657419600577,0.01048794255634865,111001001010,93.29962133393254,0.005243971278174325,1.0000000000000009,3.967322066593367,0.042522381224955316,2.0639056769524817,6.28318529781187,0.06734416718781987,3.141592653589793,1.462890140540211,0.015679486364386236,1.7749811888755291
12,3,6,optimizado,True,42,371,79.66793880681854,0.8538934849468502,0.014891248282970261,111001001010,93.29962133393254,0.0074456241414851305,0.9999999999999997,3.3616841158642914,0.03603105851585245,2.0970897622673936,6.283185307179586,0.06734416728822452,0.2659269395504468,6.283185307179586,0.06734416728822452,1.7137344784815953
12,3,7,optimizado,True,35,336,77.66873850006725,0.8324657419600746,0.010487945862238062,111001001010,93.29962133393254,0.005243972931119031,0.9999999999999986,3.9673237018003706,0.04252239875136089,0.49310936038693853,4.552114399529184,0.0487902773274465,3.141592653589793,3.193963764914584,0.034233405443438614,1.7749812189247194
12,3,8,optimizado,True,25,189,77.06269077982088,0.8259700272769056,0.009035509076220761,111001001010,93.29962133393254,0.004517754538110381,0.9999999999999996,0.0,0.0,2.9217245226648267,3.3432866501997123,0.03583387158839082,2.0427865585674168,6.283185307179586,0.06734416728822452,1.7737247391928477
12,3,9,optimizado,True,34,280,79.6679388068193,0.8538934849468582,0.014891246647551901,111001001010,93.29962133393254,0.007445623323775951,1.0000000000000004,3.3616837493728786,0.036031054587739905,2.0970898364988915,6.283185307179586,0.06734416728822452,1.8367233610005786,6.283185307179586,0.06734416728822452,1.7137344413860272
12,3,10,optimizado,True,33,273,79.66793880681931,0.8538934849468585,0.014891247690491391,111001001010,93.29962133393254,0.007445623845245696,1.0000000000000018,3.3616844966763915,0.036031062597456365,0.526293468215285,6.283185307179586,0.06734416728822452,0.26592697199368337,6.283185307179586,0.06734416728822452,1.7137344449651906
12,3,11,optimizado,True,39,315,79.66793880681442,0.8538934849468061,0.014891251578993273,111001001010,93.29962133393254,0.0074456257894966365,1.0000000000000013,3.3616858753618475,0.03603107737442369,0.5262933250425827,6.283185307179586,0.06734416728822452,1.8367231240361603,6.283185307179586,0.06734416728822452,0.14293818617564247
12,3,12,optimizado,True,23,196,72.86035909199352,0.7809287760086554,0.005384684597439234,111001001010,93.29962133393254,0.002692342298719617,1.0000000000000018,1.2944646450749757,0.013874275442268078,3.141592653589793,3.354827686266728,0.035957570226196146,2.933512052744919,0.0,0.0,0.6007797157540259
