ruta,bytes,sha256
README.md,3592,5d299e1acf50255076c588ea3b4f74cbb05fb918f5332d36a791af8d8be6aaa0
config.yaml,1081,b304c2b1806c5e30ec1bbf3f93fbfbf05cf6829dc082aeb39f7fa0e61b438605
datos/crudos/catalogo_lineas.csv,8615,3bc8fba35a8d78a5947906da451d318b7b8032d9a4ebd9435b4ed223a48f5372
datos/crudos/catalogo_subestaciones.csv,14960,779f339de6ba549bbe41d723c5b5a741181d056dbb63c8ef5be0a55bb650bbe0
datos/crudos/evaluacion_regiones.csv,689,fff315ef548c402a321af7ebcb9a167d0ec15be31cffe9c3ad18ef0325decbb8
datos/crudos/fuentes.csv,522,074b983663ef28d45f295a0a8bfd31435f63a9f652337900b8dbfdb2db466556
datos/crudos/lineas_transmision_ice.geojson,280916,549020d9f80d4566300da36e75936e02494a2768d705d1bc0cd05b23d0a0a522
datos/crudos/subestaciones_ice.geojson,28431,44564180c432d9c903baff8b8b08f4eacc272fce1297c06613125039d85f985c
datos/grafos/grafo_10.graphml,16506,4e342ddda9070cc8ae60d788f86cea47b5415bbff40bd521aa4d1163765be1c0
datos/grafos/grafo_10_aristas.csv,3544,a526eaddb26712540693265e19206ec1622c402066dfcaf63d9b3c9b5fafd7d2
datos/grafos/grafo_10_nodos.csv,2248,8cdd0d93f1ce25e6f7ffe6127aea2a21b4e7d1a2ceeda9bedc712f3b98b26dd8
datos/grafos/grafo_12.graphml,19501,ef69ce5df1435e088547f9950229824d46fd5d2e22cab3d21353f49fcfc5eb96
datos/grafos/grafo_12_aristas.csv,4314,4cf2504843989ba15783c2a819e9cf3fcfe27b755b50f0ab07610dbd22e0506b
datos/grafos/grafo_12_nodos.csv,2682,8916aba11af53ab01ad274cc8c460b666dd30e12dcfede1781d956ae9f4097be
datos/grafos/grafo_6.graphml,10543,454ea56e88e2a8f0f329cf3cd70183038ca94aa1d439a3bd085ae48330f1383e
datos/grafos/grafo_6_aristas.csv,2064,607784a45573e78309d44a9d7647c6c3f5e8b003c6287ea6140b490208febcce
datos/grafos/grafo_6_nodos.csv,1418,045222266f2e44916875d646c945576cafd364beec1b2406184d83a4060cf15d
datos/grafos/grafo_8.graphml,13440,b0a4b58242112cf7e0f5759e602639420a63f1eae690e18ac45f8e0d61ca53be
datos/grafos/grafo_8_aristas.csv,2750,eadec9e0aaae67015a8a9f7694f5a5b79e513d570b7804f73581368cc9704cc7
datos/grafos/grafo_8_nodos.csv,1829,b23449aebfcba90d692cfbe5a236bdb854a1fd46d1514ca3371f940b2c373947
docs/AUDITORIA_Y_GUIA_SHOTS.md,5561,638d50c25ad35adc7bc1d212dfe67e47774265df3197a6f9da064818e87d98bf
docs/LECTURA_DE_GRAFICAS.md,2826,2221df8fa9272601c9f8dbf36f7e0607f94b8d635c823354d761df8555d38818
docs/USO_CONSTRUCTOR_GRAFOS.md,3130,3490d9cfa5b77dbd7243f8155634af2c55213823d8304a0fd3eb93151ff83245
figuras/01_calidad_media_vs_profundidad.png,242881,7f2d85e5a965119d4676471b1d6230c3fd54b7d75a4ec965716d9a002f7a52ed
figuras/01_razon_vs_p_inicializaciones.png,183241,29811d2e10eb4daf61a2ac8d52d8d0d2ce558987eca9e20071c5c1d99dd7e919
figuras/02_probabilidad_optimo_por_tiro.png,196766,ae6482e08ded42e65202046a47e1f2b9534870b234832d39a7b4d9ff31eab017
figuras/03_comparacion_metodos_calidad_media.png,172331,30601c2ef96486c3dd669e2b0a1644d5c4050782531196eeb42a6f3942a1ed0d
figuras/04_tradeoff_calidad_operaciones_zz.png,188892,024462fe361c8c1b62a8ecc1f48291b1f5bf2a302eefe9b9129f23f13156bb3c
figuras/05_robustez_reinicios_p3.png,95849,26360b3a550f67a6374bde270fb054d259ca4a6f3e875ba37bca220897d84477
figuras/06_ideal_vs_seleneplus_p3.png,116318,ca37f0a47f8deb4ed8b2ec0301a25401a1ff8d92ff0af0b6f5a85c54bdaf8b6c
notebooks/00_entorno.ipynb,3221,1eaf9ad2bc9c0ac4c6eb55b4b514fa0f339d4686594e986d5bf7af6ed8832504
notebooks/01_validacion_grafos.ipynb,129697,bfd157a2df9f94964c192d2367b358e095225fb1883cab1cb2e109b232e56aaa
notebooks/02_qubo_baselines.ipynb,144537,231e48a95c8de97d0bc4d24ad5d640be746f7033b5c1bd1078b94eea19b0b7a0
notebooks/03_qaoa_ideal_guppy.ipynb,632558,a0f8a0cfd71a796bb4272a8f4179a8bb3f44dc4439d89c65d27b33f68a44de76
notebooks/04_seleneplus.ipynb,41880,bb5432b66d691e6488ff4e325901d217de79b3040a3dff1ef16ed57e74a771a8
notebooks/reto1_final.ipynb,1245222,8778ddb03c10390db4ee4493f1af89763e6d78426856bf3347be042b062c5c24
requirements.txt,261,69b98c2d8aa2faad55991b186010cba89d3a7eb0505c258352c0d6947083ef1b
resultados/clasicos/baseline_clasico_completo.csv,2012,ab8c67174bb8985872a88baa0c4fe0dfbb7fe3c51ef962b35b197185ea4436fd
resultados/clasicos/ejecuciones_goemans_williamson.csv,152598,cd8a1bac3bbdeb22b70c928691cb20f1dbd0b515c880da17ab91026a5151ace7
resultados/clasicos/ejecuciones_greedy.csv,23921,9a9fdec548b66f6cd34d078043e01447ae5d8c91ca1eca415701ab7ddd68ed04
resultados/clasicos/ejecuciones_recocido_simulado.csv,52003,c8a70a28117dfd3bbe03404b3262bf2507def36ee10c386e2f84008485268d2a
resultados/clasicos/matriz_qubo_g10.csv,768,550f3f722bec2b06e3f466d03403bfd97131f7157b823c7a371b5e7152332758
resultados/clasicos/matriz_qubo_g12.csv,1019,385899e2f31ba3f9ff75c0fd229dddb58595145c9515899c64e76473c75423a4
resultados/clasicos/matriz_qubo_g6.csv,360,24c0570186ef9adddefe9d4cf1520fc96adb095964535fc67d174274d3ccfdee
resultados/clasicos/matriz_qubo_g8.csv,552,7bb6b9381c5101c25fa25d91eef72992673cd5619c1b2040991af99820065038
resultados/clasicos/resumen_sdp.csv,232,fde8efafcb95150ed9d775a4e5ac49d7fccbe705d72782717fcf2b952343f80b
resultados/clasicos/verificacion_qubo_g6.csv,2819,e278a4642261f40da7e3222cd55e12d377f20ecfc9f037031fa6292569fc25c0
resultados/qaoa_local/mediciones_12_configuraciones.csv,110453,9e02f6a59120ee254c18f02f6f34941d6774d9d62ae9e14ad250e113506aca57
resultados/qaoa_local/mediciones_512_shots.csv,71792,c512bb18231c215dcf7c91491fbc8475a5c442dc27a666890699e438ca0d2e16
resultados/qaoa_local/mejores_parametros_qaoa.csv,3757,965c1fee2fca9f47e532326fafa5a4ecf96894f8ef33f9bbab8cc88b38cd40ac
resultados/qaoa_local/optimizacion_todos_reinicios.csv,31398,a74eaacc54197bcac383572490f55cd37a3fd77a4818387bad82975cb46f4ef0
resultados/qaoa_local/resumen_12_configuraciones.csv,3392,3f341e64aec4a5b8e4f242711187843e759f4164fa95e0881e11518547600d43
resultados/qaoa_local/resumen_mediciones_512_shots.csv,3859,f39d80ddd8cd33e2253414fe3abd2a78572cf1ffe8be85a994e2b2963cb1a62c
resultados/remoto/evidencia_seleneplus/seleneplus_conteos_completos.csv,81457,d55f7cc03b381644c1da8d7ca4565422be54ca23d38d96ce850137edc138dc17
resultados/remoto/evidencia_seleneplus/seleneplus_metadatos_job.json,1208,ec869804ce8f5c639cbc74aa38f981590599621f32c3b7aca06efcda87c81812
resultados/remoto/evidencia_seleneplus/seleneplus_resultados_crudos.json,16819,b38509532c574221ee34cbb56eb8e5b5ba9cb74d6e2527d70df5e53d0e0ea8c5
resultados/remoto/evidencia_seleneplus/seleneplus_verificacion_shots.csv,262,8895eaa75eca20524ad785df9695602d932810c14259407906f9f45bc6161906
resultados/remoto/seleneplus_p3_resumen.csv,876,44f1efb2f34f7adba78a6d3aea63f34f216a2824a87e353265a0d4b254f433e0
resultados/tablas_finales/01_tradeoff_profundidad.csv,1824,a2751b4bc15c5232f9a5b27ad9dbaa14d35da1a82c3a03c3c06c9f4241788c1d
resultados/tablas_finales/02_comparacion_metodos_media.csv,1965,7ac5c06cfab75dc8f08fd6258151e02f1ef44c99c1c452487536d3a1ce3810de
resultados/tablas_finales/03_seleneplus_vs_ideal_p3.csv,599,c695017d2dd8340c759e0e05d6e77693feaa5d9f1440b4856fbbc38458d66667
resultados/tablas_finales/04_estadistica_inicializaciones_qaoa.csv,1499,4c53655d19e4faef2817e38103833d27ab606e99403846a93a87547e70fb9794
resultados/tablas_finales/04_robustez_optimizacion_p3.csv,489,3e83232474d199f3097784469882b69d1030c25376fc9e74133f3576acc6c4c6
scripts/construir_grafo_ice.py,96208,13713160c51634c124015eda3f7c671b9e2fc1f3cc9f1c961254726a3f1545a0
scripts/ejecutar_entrega.py,7128,bec56e89f32c00ee7acd39bcd5831a8d2b28daf5208491a898e7715fe219c500
scripts/generar_figuras.py,12280,0ad5fc5c282b86190afb1422c744391da58ee25dd28e479522d29eb5d4550b32
scripts/generar_manifest.py,1990,3882e79dbd9ff91acf337929ce4d035789ca86da8f9ba28ab2ff23e9383c9d0c
scripts/validar_entrega.py,5648,9dc36e5ce8220fd509c1fa40429f4eeb36474f769ddec7fb3ff2dd0dc2227947
