job_id,hugr_id,grafo,n,p,shots_configurados,registro,bitstring,frecuencia,probabilidad,costo
a0ee7567-39f4-4816-a0eb-227624bdce85,2ac5be14-b839-46bd-b37a-43d2162ffd90,G6,6,3,512,c,011101,102,0.19921875,32.523956948000006
a0ee7567-39f4-4816-a0eb-227624bdce85,2ac5be14-b839-46bd-b37a-43d2162ffd90,G6,6,3,512,c,100010,99,0.193359375,32.523956948000006
a0ee7567-39f4-4816-a0eb-227624bdce85,2ac5be14-b839-46bd-b37a-43d2162ffd90,G6,6,3,512,c,100110,55,0.107421875,29.609671155
a0ee7567-39f4-4816-a0eb-227624bdce85,2ac5be14-b839-46bd-b37a-43d2162ffd90,G6,6,3,512,c,011001,46,0.08984375,29.609671155
a0ee7567-39f4-4816-a0eb-227624bdce85,2ac5be14-b839-46bd-b37a-43d2162ffd90,G6,6,3,512,c,011100,33,0.064453125,23.903765955
a0ee7567-39f4-4816-a0eb-227624bdce85,2ac5be14-b839-46bd-b37a-43d2162ffd90,G6,6,3,512,c,100011,29,0.056640625,23.903765955
a0ee7567-39f4-4816-a0eb-227624bdce85,2ac5be14-b839-46bd-b37a-43d2162ffd90,G6,6,3,512,c,001111,23,0.044921875,10.659264093
a0ee7567-39f4-4816-a0eb-227624bdce85,2ac5be14-b839-46bd-b37a-43d2162ffd90,G6,6,3,512,c,110000,23,0.044921875,10.659264093
a0ee7567-39f4-4816-a0eb-227624bdce85,2ac5be14-b839-46bd-b37a-43d2162ffd90,G6,6,3,512,c,011000,22,0.04296875,20.989480162
a0ee7567-39f4-4816-a0eb-227624bdce85,2ac5be14-b839-46bd-b37a-43d2162ffd90,G6,6,3,512,c,100111,15,0.029296875,20.989480162
a0ee7567-39f4-4816-a0eb-227624bdce85,2ac5be14-b839-46bd-b37a-43d2162ffd90,G6,6,3,512,c,001110,11,0.021484375,19.279455086
a0ee7567-39f4-4816-a0eb-227624bdce85,2ac5be14-b839-46bd-b37a-43d2162ffd90,G6,6,3,512,c,110100,9,0.017578125,7.7449783
a0ee7567-39f4-4816-a0eb-227624bdce85,2ac5be14-b839-46bd-b37a-43d2162ffd90,G6,6,3,512,c,000111,7,0.013671875,8.692118423
a0ee7567-39f4-4816-a0eb-227624bdce85,2ac5be14-b839-46bd-b37a-43d2162ffd90,G6,6,3,512,c,001011,7,0.013671875,7.7449783
a0ee7567-39f4-4816-a0eb-227624bdce85,2ac5be14-b839-46bd-b37a-43d2162ffd90,G6,6,3,512,c,001010,4,0.0078125,16.365169293
a0ee7567-39f4-4816-a0eb-227624bdce85,2ac5be14-b839-46bd-b37a-43d2162ffd90,G6,6,3,512,c,110001,4,0.0078125,19.279455086
a0ee7567-39f4-4816-a0eb-227624bdce85,2ac5be14-b839-46bd-b37a-43d2162ffd90,G6,6,3,512,c,001101,3,0.005859375,25.057287716
a0ee7567-39f4-4816-a0eb-227624bdce85,2ac5be14-b839-46bd-b37a-43d2162ffd90,G6,6,3,512,c,110101,3,0.005859375,16.365169293
a0ee7567-39f4-4816-a0eb-227624bdce85,2ac5be14-b839-46bd-b37a-43d2162ffd90,G6,6,3,512,c,111000,3,0.005859375,8.692118423
a0ee7567-39f4-4816-a0eb-227624bdce85,2ac5be14-b839-46bd-b37a-43d2162ffd90,G6,6,3,512,c,000011,2,0.00390625,5.77783263
a0ee7567-39f4-4816-a0eb-227624bdce85,2ac5be14-b839-46bd-b37a-43d2162ffd90,G6,6,3,512,c,000110,2,0.00390625,17.312309416
a0ee7567-39f4-4816-a0eb-227624bdce85,2ac5be14-b839-46bd-b37a-43d2162ffd90,G6,6,3,512,c,001001,2,0.00390625,22.143001923
a0ee7567-39f4-4816-a0eb-227624bdce85,2ac5be14-b839-46bd-b37a-43d2162ffd90,G6,6,3,512,c,111100,2,0.00390625,5.77783263
a0ee7567-39f4-4816-a0eb-227624bdce85,2ac5be14-b839-46bd-b37a-43d2162ffd90,G6,6,3,512,c,000010,1,0.001953125,14.398023623
a0ee7567-39f4-4816-a0eb-227624bdce85,2ac5be14-b839-46bd-b37a-43d2162ffd90,G6,6,3,512,c,001100,1,0.001953125,4.881431463
a0ee7567-39f4-4816-a0eb-227624bdce85,2ac5be14-b839-46bd-b37a-43d2162ffd90,G6,6,3,512,c,010110,1,0.001953125,36.334643908000004
a0ee7567-39f4-4816-a0eb-227624bdce85,2ac5be14-b839-46bd-b37a-43d2162ffd90,G6,6,3,512,c,101010,1,0.001953125,30.556811278
a0ee7567-39f4-4816-a0eb-227624bdce85,2ac5be14-b839-46bd-b37a-43d2162ffd90,G6,6,3,512,c,110110,1,0.001953125,22.143001923
a0ee7567-39f4-4816-a0eb-227624bdce85,2ac5be14-b839-46bd-b37a-43d2162ffd90,G6,6,3,512,c,111101,1,0.001953125,14.398023623
a0ee7567-39f4-4816-a0eb-227624bdce85,4d6fafef-3c77-446b-ac6a-d2f615c120e1,G8,8,3,512,c,11010010,43,0.083984375,20.281416863
a0ee7567-39f4-4816-a0eb-227624bdce85,4d6fafef-3c77-446b-ac6a-d2f615c120e1,G8,8,3,512,c,01101101,40,0.078125,36.067050369
a0ee7567-39f4-4816-a0eb-227624bdce85,4d6fafef-3c77-446b-ac6a-d2f615c120e1,G8,8,3,512,c,10010010,34,0.06640625,36.067050369
a0ee7567-39f4-4816-a0eb-227624bdce85,4d6fafef-3c77-446b-ac6a-d2f615c120e1,G8,8,3,512,c,00101101,30,0.05859375,20.281416863
a0ee7567-39f4-4816-a0eb-227624bdce85,4d6fafef-3c77-446b-ac6a-d2f615c120e1,G8,8,3,512,c,11010110,26,0.05078125,5.88339324
a0ee7567-39f4-4816-a0eb-227624bdce85,4d6fafef-3c77-446b-ac6a-d2f615c120e1,G8,8,3,512,c,01101001,20,0.0390625,21.669026746
a0ee7567-39f4-4816-a0eb-227624bdce85,4d6fafef-3c77-446b-ac6a-d2f615c120e1,G8,8,3,512,c,10110000,19,0.037109375,13.924048446
a0ee7567-39f4-4816-a0eb-227624bdce85,4d6fafef-3c77-446b-ac6a-d2f615c120e1,G8,8,3,512,c,11110000,19,0.037109375,9.694080199999998
a0ee7567-39f4-4816-a0eb-227624bdce85,4d6fafef-3c77-446b-ac6a-d2f615c120e1,G8,8,3,512,c,01101100,13,0.025390625,39.303751355
a0ee7567-39f4-4816-a0eb-227624bdce85,4d6fafef-3c77-446b-ac6a-d2f615c120e1,G8,8,3,512,c,10010011,13,0.025390625,39.303751355
a0ee7567-39f4-4816-a0eb-227624bdce85,4d6fafef-3c77-446b-ac6a-d2f615c120e1,G8,8,3,512,c,10010110,13,0.025390625,21.669026746
a0ee7567-39f4-4816-a0eb-227624bdce85,4d6fafef-3c77-446b-ac6a-d2f615c120e1,G8,8,3,512,c,00101001,12,0.0234375,5.88339324
a0ee7567-39f4-4816-a0eb-227624bdce85,4d6fafef-3c77-446b-ac6a-d2f615c120e1,G8,8,3,512,c,10010111,12,0.0234375,24.905727732
a0ee7567-39f4-4816-a0eb-227624bdce85,4d6fafef-3c77-446b-ac6a-d2f615c120e1,G8,8,3,512,c,01001111,11,0.021484375,13.924048446
a0ee7567-39f4-4816-a0eb-227624bdce85,4d6fafef-3c77-446b-ac6a-d2f615c120e1,G8,8,3,512,c,01111101,11,0.021484375,38.301789578
a0ee7567-39f4-4816-a0eb-227624bdce85,4d6fafef-3c77-446b-ac6a-d2f615c120e1,G8,8,3,512,c,11000010,11,0.021484375,22.516156071999998
a0ee7567-39f4-4816-a0eb-227624bdce85,4d6fafef-3c77-446b-ac6a-d2f615c120e1,G8,8,3,512,c,10000010,10,0.01953125,38.301789578
a0ee7567-39f4-4816-a0eb-227624bdce85,4d6fafef-3c77-446b-ac6a-d2f615c120e1,G8,8,3,512,c,00001111,9,0.017578125,9.694080199999998
a0ee7567-39f4-4816-a0eb-227624bdce85,4d6fafef-3c77-446b-ac6a-d2f615c120e1,G8,8,3,512,c,10000110,8,0.015625,23.903765955
a0ee7567-39f4-4816-a0eb-227624bdce85,4d6fafef-3c77-446b-ac6a-d2f615c120e1,G8,8,3,512,c,11010111,8,0.015625,2.646692254
a0ee7567-39f4-4816-a0eb-227624bdce85,4d6fafef-3c77-446b-ac6a-d2f615c120e1,G8,8,3,512,c,00101000,7,0.013671875,2.646692254
a0ee7567-39f4-4816-a0eb-227624bdce85,4d6fafef-3c77-446b-ac6a-d2f615c120e1,G8,8,3,512,c,00101100,7,0.013671875,17.044715877
a0ee7567-39f4-4816-a0eb-227624bdce85,4d6fafef-3c77-446b-ac6a-d2f615c120e1,G8,8,3,512,c,00111101,7,0.013671875,22.516156071999998
a0ee7567-39f4-4816-a0eb-227624bdce85,4d6fafef-3c77-446b-ac6a-d2f615c120e1,G8,8,3,512,c,01001011,7,0.013671875,28.322072069
a0ee7567-39f4-4816-a0eb-227624bdce85,4d6fafef-3c77-446b-ac6a-d2f615c120e1,G8,8,3,512,c,11010011,7,0.013671875,17.044715877
a0ee7567-39f4-4816-a0eb-227624bdce85,4d6fafef-3c77-446b-ac6a-d2f615c120e1,G8,8,3,512,c,00111100,6,0.01171875,19.279455086
a0ee7567-39f4-4816-a0eb-227624bdce85,4d6fafef-3c77-446b-ac6a-d2f615c120e1,G8,8,3,512,c,01011111,6,0.01171875,16.158787655
a0ee7567-39f4-4816-a0eb-227624bdce85,4d6fafef-3c77-446b-ac6a-d2f615c120e1,G8,8,3,512,c,00001011,5,0.009765625,24.092103823
a0ee7567-39f4-4816-a0eb-227624bdce85,4d6fafef-3c77-446b-ac6a-d2f615c120e1,G8,8,3,512,c,01111000,5,0.009765625,27.140466941
a0ee7567-39f4-4816-a0eb-227624bdce85,4d6fafef-3c77-446b-ac6a-d2f615c120e1,G8,8,3,512,c,01111001,5,0.009765625,23.903765955
a0ee7567-39f4-4816-a0eb-227624bdce85,4d6fafef-3c77-446b-ac6a-d2f615c120e1,G8,8,3,512,c,11110100,5,0.009765625,24.092103823
a0ee7567-39f4-4816-a0eb-227624bdce85,4d6fafef-3c77-446b-ac6a-d2f615c120e1,G8,8,3,512,c,00111001,4,0.0078125,8.118132449
a0ee7567-39f4-4816-a0eb-227624bdce85,4d6fafef-3c77-446b-ac6a-d2f615c120e1,G8,8,3,512,c,01101000,4,0.0078125,24.905727732
a0ee7567-39f4-4816-a0eb-227624bdce85,4d6fafef-3c77-446b-ac6a-d2f615c120e1,G8,8,3,512,c,10100000,4,0.0078125,16.158787655
a0ee7567-39f4-4816-a0eb-227624bdce85,4d6fafef-3c77-446b-ac6a-d2f615c120e1,G8,8,3,512,c,10110100,4,0.0078125,28.322072069
a0ee7567-39f4-4816-a0eb-227624bdce85,4d6fafef-3c77-446b-ac6a-d2f615c120e1,G8,8,3,512,c,11000110,4,0.0078125,8.118132449
a0ee7567-39f4-4816-a0eb-227624bdce85,4d6fafef-3c77-446b-ac6a-d2f615c120e1,G8,8,3,512,c,00010111,3,0.005859375,12.608365993
a0ee7567-39f4-4816-a0eb-227624bdce85,4d6fafef-3c77-446b-ac6a-d2f615c120e1,G8,8,3,512,c,00111000,3,0.005859375,4.881431463
a0ee7567-39f4-4816-a0eb-227624bdce85,4d6fafef-3c77-446b-ac6a-d2f615c120e1,G8,8,3,512,c,10000011,3,0.005859375,41.538490564
a0ee7567-39f4-4816-a0eb-227624bdce85,4d6fafef-3c77-446b-ac6a-d2f615c120e1,G8,8,3,512,c,10101000,3,0.005859375,16.838334239
a0ee7567-39f4-4816-a0eb-227624bdce85,4d6fafef-3c77-446b-ac6a-d2f615c120e1,G8,8,3,512,c,11000111,3,0.005859375,4.881431463
a0ee7567-39f4-4816-a0eb-227624bdce85,4d6fafef-3c77-446b-ac6a-d2f615c120e1,G8,8,3,512,c,00001110,2,0.00390625,6.4573792139999995
a0ee7567-39f4-4816-a0eb-227624bdce85,4d6fafef-3c77-446b-ac6a-d2f615c120e1,G8,8,3,512,c,00010011,2,0.00390625,27.006389616
a0ee7567-39f4-4816-a0eb-227624bdce85,4d6fafef-3c77-446b-ac6a-d2f615c120e1,G8,8,3,512,c,00011111,2,0.00390625,11.928819408999999
a0ee7567-39f4-4816-a0eb-227624bdce85,4d6fafef-3c77-446b-ac6a-d2f615c120e1,G8,8,3,512,c,01001010,2,0.00390625,31.558773055
a0ee7567-39f4-4816-a0eb-227624bdce85,4d6fafef-3c77-446b-ac6a-d2f615c120e1,G8,8,3,512,c,01001110,2,0.00390625,17.160749432
a0ee7567-39f4-4816-a0eb-227624bdce85,4d6fafef-3c77-446b-ac6a-d2f615c120e1,G8,8,3,512,c,01010111,2,0.00390625,16.838334239
a0ee7567-39f4-4816-a0eb-227624bdce85,4d6fafef-3c77-446b-ac6a-d2f615c120e1,G8,8,3,512,c,01111100,2,0.00390625,41.538490564
a0ee7567-39f4-4816-a0eb-227624bdce85,4d6fafef-3c77-446b-ac6a-d2f615c120e1,G8,8,3,512,c,10000111,2,0.00390625,27.140466941
a0ee7567-39f4-4816-a0eb-227624bdce85,4d6fafef-3c77-446b-ac6a-d2f615c120e1,G8,8,3,512,c,10100001,2,0.00390625,19.395488641
a0ee7567-39f4-4816-a0eb-227624bdce85,4d6fafef-3c77-446b-ac6a-d2f615c120e1,G8,8,3,512,c,10110001,2,0.00390625,17.160749432
a0ee7567-39f4-4816-a0eb-227624bdce85,4d6fafef-3c77-446b-ac6a-d2f615c120e1,G8,8,3,512,c,11100000,2,0.00390625,11.928819408999999
a0ee7567-39f4-4816-a0eb-227624bdce85,4d6fafef-3c77-446b-ac6a-d2f615c120e1,G8,8,3,512,c,11100100,2,0.00390625,26.326843032
a0ee7567-39f4-4816-a0eb-227624bdce85,4d6fafef-3c77-446b-ac6a-d2f615c120e1,G8,8,3,512,c,00000111,1,0.001953125,9.014533616
a0ee7567-39f4-4816-a0eb-227624bdce85,4d6fafef-3c77-446b-ac6a-d2f615c120e1,G8,8,3,512,c,00001000,1,0.001953125,0.679546584
a0ee7567-39f4-4816-a0eb-227624bdce85,4d6fafef-3c77-446b-ac6a-d2f615c120e1,G8,8,3,512,c,00001001,1,0.001953125,3.91624757
a0ee7567-39f4-4816-a0eb-227624bdce85,4d6fafef-3c77-446b-ac6a-d2f615c120e1,G8,8,3,512,c,00001010,1,0.001953125,20.855402837
a0ee7567-39f4-4816-a0eb-227624bdce85,4d6fafef-3c77-446b-ac6a-d2f615c120e1,G8,8,3,512,c,00001100,1,0.001953125,15.077570207
a0ee7567-39f4-4816-a0eb-227624bdce85,4d6fafef-3c77-446b-ac6a-d2f615c120e1,G8,8,3,512,c,00010101,1,0.001953125,21.228556985999997
a0ee7567-39f4-4816-a0eb-227624bdce85,4d6fafef-3c77-446b-ac6a-d2f615c120e1,G8,8,3,512,c,00011010,1,0.001953125,23.090142046
a0ee7567-39f4-4816-a0eb-227624bdce85,4d6fafef-3c77-446b-ac6a-d2f615c120e1,G8,8,3,512,c,00011110,1,0.001953125,8.692118423
a0ee7567-39f4-4816-a0eb-227624bdce85,4d6fafef-3c77-446b-ac6a-d2f615c120e1,G8,8,3,512,c,00110100,1,0.001953125,19.95900167
a0ee7567-39f4-4816-a0eb-227624bdce85,4d6fafef-3c77-446b-ac6a-d2f615c120e1,G8,8,3,512,c,00110111,1,0.001953125,14.575511663
a0ee7567-39f4-4816-a0eb-227624bdce85,4d6fafef-3c77-446b-ac6a-d2f615c120e1,G8,8,3,512,c,01000111,1,0.001953125,13.244501862
a0ee7567-39f4-4816-a0eb-227624bdce85,4d6fafef-3c77-446b-ac6a-d2f615c120e1,G8,8,3,512,c,01001101,1,0.001953125,34.099904699
a0ee7567-39f4-4816-a0eb-227624bdce85,4d6fafef-3c77-446b-ac6a-d2f615c120e1,G8,8,3,512,c,01011110,1,0.001953125,19.395488641
a0ee7567-39f4-4816-a0eb-227624bdce85,4d6fafef-3c77-446b-ac6a-d2f615c120e1,G8,8,3,512,c,01100111,1,0.001953125,15.211647532
a0ee7567-39f4-4816-a0eb-227624bdce85,4d6fafef-3c77-446b-ac6a-d2f615c120e1,G8,8,3,512,c,01101110,1,0.001953125,19.127895102
a0ee7567-39f4-4816-a0eb-227624bdce85,4d6fafef-3c77-446b-ac6a-d2f615c120e1,G8,8,3,512,c,10100010,1,0.001953125,36.334643908000004
a0ee7567-39f4-4816-a0eb-227624bdce85,4d6fafef-3c77-446b-ac6a-d2f615c120e1,G8,8,3,512,c,10100100,1,0.001953125,30.556811278
a0ee7567-39f4-4816-a0eb-227624bdce85,4d6fafef-3c77-446b-ac6a-d2f615c120e1,G8,8,3,512,c,10110111,1,0.001953125,22.938582062
a0ee7567-39f4-4816-a0eb-227624bdce85,4d6fafef-3c77-446b-ac6a-d2f615c120e1,G8,8,3,512,c,10111100,1,0.001953125,27.642525485
a0ee7567-39f4-4816-a0eb-227624bdce85,4d6fafef-3c77-446b-ac6a-d2f615c120e1,G8,8,3,512,c,11000011,1,0.001953125,19.279455086
a0ee7567-39f4-4816-a0eb-227624bdce85,4d6fafef-3c77-446b-ac6a-d2f615c120e1,G8,8,3,512,c,11100110,1,0.001953125,6.150986779
a0ee7567-39f4-4816-a0eb-227624bdce85,4d6fafef-3c77-446b-ac6a-d2f615c120e1,G8,8,3,512,c,11101000,1,0.001953125,12.608365993
a0ee7567-39f4-4816-a0eb-227624bdce85,4d6fafef-3c77-446b-ac6a-d2f615c120e1,G8,8,3,512,c,11110001,1,0.001953125,6.4573792139999995
a0ee7567-39f4-4816-a0eb-227624bdce85,4d6fafef-3c77-446b-ac6a-d2f615c120e1,G8,8,3,512,c,11110101,1,0.001953125,20.855402837
a0ee7567-39f4-4816-a0eb-227624bdce85,955711c4-afd3-490d-a366-4e51def2343f,G10,10,3,512,c,1000101110,13,0.025390625,66.526037426
a0ee7567-39f4-4816-a0eb-227624bdce85,955711c4-afd3-490d-a366-4e51def2343f,G10,10,3,512,c,1100101010,13,0.025390625,30.289217739
a0ee7567-39f4-4816-a0eb-227624bdce85,955711c4-afd3-490d-a366-4e51def2343f,G10,10,3,512,c,0011010101,12,0.0234375,30.289217739
a0ee7567-39f4-4816-a0eb-227624bdce85,955711c4-afd3-490d-a366-4e51def2343f,G10,10,3,512,c,0011010001,10,0.01953125,21.669026746
a0ee7567-39f4-4816-a0eb-227624bdce85,955711c4-afd3-490d-a366-4e51def2343f,G10,10,3,512,c,0011010100,10,0.01953125,33.525918725000004
a0ee7567-39f4-4816-a0eb-227624bdce85,955711c4-afd3-490d-a366-4e51def2343f,G10,10,3,512,c,0111010101,10,0.01953125,75.14622841900001
a0ee7567-39f4-4816-a0eb-227624bdce85,955711c4-afd3-490d-a366-4e51def2343f,G10,10,3,512,c,1000001011,10,0.01953125,80.61766861400001
a0ee7567-39f4-4816-a0eb-227624bdce85,955711c4-afd3-490d-a366-4e51def2343f,G10,10,3,512,c,1100101110,10,0.01953125,21.669026746
a0ee7567-39f4-4816-a0eb-227624bdce85,955711c4-afd3-490d-a366-4e51def2343f,G10,10,3,512,c,1000101111,9,0.017578125,69.762738412
a0ee7567-39f4-4816-a0eb-227624bdce85,955711c4-afd3-490d-a366-4e51def2343f,G10,10,3,512,c,1000001110,8,0.015625,68.76077663500001
a0ee7567-39f4-4816-a0eb-227624bdce85,955711c4-afd3-490d-a366-4e51def2343f,G10,10,3,512,c,1000101010,8,0.015625,75.14622841900001
a0ee7567-39f4-4816-a0eb-227624bdce85,955711c4-afd3-490d-a366-4e51def2343f,G10,10,3,512,c,0001010011,7,0.013671875,38.917647515000006
a0ee7567-39f4-4816-a0eb-227624bdce85,955711c4-afd3-490d-a366-4e51def2343f,G10,10,3,512,c,0011010000,7,0.013671875,24.905727732
a0ee7567-39f4-4816-a0eb-227624bdce85,955711c4-afd3-490d-a366-4e51def2343f,G10,10,3,512,c,0011110101,7,0.013671875,32.523956948000006
a0ee7567-39f4-4816-a0eb-227624bdce85,955711c4-afd3-490d-a366-4e51def2343f,G10,10,3,512,c,0111010001,7,0.013671875,66.526037426
a0ee7567-39f4-4816-a0eb-227624bdce85,955711c4-afd3-490d-a366-4e51def2343f,G10,10,3,512,c,1100001010,7,0.013671875,32.523956948000006
a0ee7567-39f4-4816-a0eb-227624bdce85,955711c4-afd3-490d-a366-4e51def2343f,G10,10,3,512,c,1110101100,7,0.013671875,38.917647515000006
a0ee7567-39f4-4816-a0eb-227624bdce85,955711c4-afd3-490d-a366-4e51def2343f,G10,10,3,512,c,0101010011,6,0.01171875,17.706149645
a0ee7567-39f4-4816-a0eb-227624bdce85,955711c4-afd3-490d-a366-4e51def2343f,G10,10,3,512,c,0101010111,6,0.01171875,37.882005898
a0ee7567-39f4-4816-a0eb-227624bdce85,955711c4-afd3-490d-a366-4e51def2343f,G10,10,3,512,c,1000101011,6,0.01171875,78.38292940500001
a0ee7567-39f4-4816-a0eb-227624bdce85,955711c4-afd3-490d-a366-4e51def2343f,G10,10,3,512,c,1100101011,6,0.01171875,33.525918725000004
a0ee7567-39f4-4816-a0eb-227624bdce85,955711c4-afd3-490d-a366-4e51def2343f,G10,10,3,512,c,1100101111,6,0.01171875,24.905727732
a0ee7567-39f4-4816-a0eb-227624bdce85,955711c4-afd3-490d-a366-4e51def2343f,G10,10,3,512,c,0001010111,5,0.009765625,59.093503768000005
a0ee7567-39f4-4816-a0eb-227624bdce85,955711c4-afd3-490d-a366-4e51def2343f,G10,10,3,512,c,0011110001,5,0.009765625,23.903765955
a0ee7567-39f4-4816-a0eb-227624bdce85,955711c4-afd3-490d-a366-4e51def2343f,G10,10,3,512,c,0011110100,5,0.009765625,35.76065793400001
a0ee7567-39f4-4816-a0eb-227624bdce85,955711c4-afd3-490d-a366-4e51def2343f,G10,10,3,512,c,0101110011,5,0.009765625,19.940888854
a0ee7567-39f4-4816-a0eb-227624bdce85,955711c4-afd3-490d-a366-4e51def2343f,G10,10,3,512,c,0110011001,5,0.009765625,78.956915379
a0ee7567-39f4-4816-a0eb-227624bdce85,955711c4-afd3-490d-a366-4e51def2343f,G10,10,3,512,c,0111110001,5,0.009765625,68.76077663500001
a0ee7567-39f4-4816-a0eb-227624bdce85,955711c4-afd3-490d-a366-4e51def2343f,G10,10,3,512,c,0111110100,5,0.009765625,80.61766861400001
a0ee7567-39f4-4816-a0eb-227624bdce85,955711c4-afd3-490d-a366-4e51def2343f,G10,10,3,512,c,1000001010,5,0.009765625,77.38096762800001
a0ee7567-39f4-4816-a0eb-227624bdce85,955711c4-afd3-490d-a366-4e51def2343f,G10,10,3,512,c,1010011000,5,0.009765625,40.79629169100001
a0ee7567-39f4-4816-a0eb-227624bdce85,955711c4-afd3-490d-a366-4e51def2343f,G10,10,3,512,c,1010101000,5,0.009765625,37.882005898
a0ee7567-39f4-4816-a0eb-227624bdce85,955711c4-afd3-490d-a366-4e51def2343f,G10,10,3,512,c,1010101100,5,0.009765625,17.706149645
a0ee7567-39f4-4816-a0eb-227624bdce85,955711c4-afd3-490d-a366-4e51def2343f,G10,10,3,512,c,1110001000,5,0.009765625,61.328242977
a0ee7567-39f4-4816-a0eb-227624bdce85,955711c4-afd3-490d-a366-4e51def2343f,G10,10,3,512,c,1110101000,5,0.009765625,59.093503768000005
a0ee7567-39f4-4816-a0eb-227624bdce85,955711c4-afd3-490d-a366-4e51def2343f,G10,10,3,512,c,0001100110,4,0.0078125,58.771088575
a0ee7567-39f4-4816-a0eb-227624bdce85,955711c4-afd3-490d-a366-4e51def2343f,G10,10,3,512,c,0010011100,4,0.0078125,17.160749432
a0ee7567-39f4-4816-a0eb-227624bdce85,955711c4-afd3-490d-a366-4e51def2343f,G10,10,3,512,c,0010011101,4,0.0078125,13.924048446
a0ee7567-39f4-4816-a0eb-227624bdce85,955711c4-afd3-490d-a366-4e51def2343f,G10,10,3,512,c,0101010110,4,0.0078125,34.645304912
a0ee7567-39f4-4816-a0eb-227624bdce85,955711c4-afd3-490d-a366-4e51def2343f,G10,10,3,512,c,0101110110,4,0.0078125,36.880044121
a0ee7567-39f4-4816-a0eb-227624bdce85,955711c4-afd3-490d-a366-4e51def2343f,G10,10,3,512,c,0101110111,4,0.0078125,40.116745107
a0ee7567-39f4-4816-a0eb-227624bdce85,955711c4-afd3-490d-a366-4e51def2343f,G10,10,3,512,c,0110011100,4,0.0078125,62.017760112000005
a0ee7567-39f4-4816-a0eb-227624bdce85,955711c4-afd3-490d-a366-4e51def2343f,G10,10,3,512,c,0111010100,4,0.0078125,78.38292940500001
a0ee7567-39f4-4816-a0eb-227624bdce85,955711c4-afd3-490d-a366-4e51def2343f,G10,10,3,512,c,0111110000,4,0.0078125,71.99747762100002
a0ee7567-39f4-4816-a0eb-227624bdce85,955711c4-afd3-490d-a366-4e51def2343f,G10,10,3,512,c,1000001111,4,0.0078125,71.99747762100002
a0ee7567-39f4-4816-a0eb-227624bdce85,955711c4-afd3-490d-a366-4e51def2343f,G10,10,3,512,c,1100001011,4,0.0078125,35.76065793400001
a0ee7567-39f4-4816-a0eb-227624bdce85,955711c4-afd3-490d-a366-4e51def2343f,G10,10,3,512,c,1100001110,4,0.0078125,23.903765955
a0ee7567-39f4-4816-a0eb-227624bdce85,955711c4-afd3-490d-a366-4e51def2343f,G10,10,3,512,c,1110001100,4,0.0078125,41.152386724
a0ee7567-39f4-4816-a0eb-227624bdce85,955711c4-afd3-490d-a366-4e51def2343f,G10,10,3,512,c,0000111111,3,0.005859375,44.963073684
a0ee7567-39f4-4816-a0eb-227624bdce85,955711c4-afd3-490d-a366-4e51def2343f,G10,10,3,512,c,0001010010,3,0.005859375,35.680946529
a0ee7567-39f4-4816-a0eb-227624bdce85,955711c4-afd3-490d-a366-4e51def2343f,G10,10,3,512,c,0001010101,3,0.005859375,26.059249493
a0ee7567-39f4-4816-a0eb-227624bdce85,955711c4-afd3-490d-a366-4e51def2343f,G10,10,3,512,c,0001010110,3,0.005859375,55.856802782
a0ee7567-39f4-4816-a0eb-227624bdce85,955711c4-afd3-490d-a366-4e51def2343f,G10,10,3,512,c,0001100111,3,0.005859375,62.007789561
a0ee7567-39f4-4816-a0eb-227624bdce85,955711c4-afd3-490d-a366-4e51def2343f,G10,10,3,512,c,0001110010,3,0.005859375,37.915685738
a0ee7567-39f4-4816-a0eb-227624bdce85,955711c4-afd3-490d-a366-4e51def2343f,G10,10,3,512,c,0001110111,3,0.005859375,61.328242977
a0ee7567-39f4-4816-a0eb-227624bdce85,955711c4-afd3-490d-a366-4e51def2343f,G10,10,3,512,c,0010011000,3,0.005859375,37.336605685
a0ee7567-39f4-4816-a0eb-227624bdce85,955711c4-afd3-490d-a366-4e51def2343f,G10,10,3,512,c,0011100101,3,0.005859375,33.203503532
a0ee7567-39f4-4816-a0eb-227624bdce85,955711c4-afd3-490d-a366-4e51def2343f,G10,10,3,512,c,0101000010,3,0.005859375,13.789902075
a0ee7567-39f4-4816-a0eb-227624bdce85,955711c4-afd3-490d-a366-4e51def2343f,G10,10,3,512,c,0101010010,3,0.005859375,14.469448659000001
a0ee7567-39f4-4816-a0eb-227624bdce85,955711c4-afd3-490d-a366-4e51def2343f,G10,10,3,512,c,0110011101,3,0.005859375,58.781059126
a0ee7567-39f4-4816-a0eb-227624bdce85,955711c4-afd3-490d-a366-4e51def2343f,G10,10,3,512,c,0111010000,3,0.005859375,69.762738412
a0ee7567-39f4-4816-a0eb-227624bdce85,955711c4-afd3-490d-a366-4e51def2343f,G10,10,3,512,c,0111110101,3,0.005859375,77.38096762800001
a0ee7567-39f4-4816-a0eb-227624bdce85,955711c4-afd3-490d-a366-4e51def2343f,G10,10,3,512,c,1010101001,3,0.005859375,34.645304912
a0ee7567-39f4-4816-a0eb-227624bdce85,955711c4-afd3-490d-a366-4e51def2343f,G10,10,3,512,c,1011100001,3,0.005859375,18.280135619
a0ee7567-39f4-4816-a0eb-227624bdce85,955711c4-afd3-490d-a366-4e51def2343f,G10,10,3,512,c,1101100010,3,0.005859375,13.924048446
a0ee7567-39f4-4816-a0eb-227624bdce85,955711c4-afd3-490d-a366-4e51def2343f,G10,10,3,512,c,1101100110,3,0.005859375,34.099904699
a0ee7567-39f4-4816-a0eb-227624bdce85,955711c4-afd3-490d-a366-4e51def2343f,G10,10,3,512,c,1110001001,3,0.005859375,58.091541991
a0ee7567-39f4-4816-a0eb-227624bdce85,955711c4-afd3-490d-a366-4e51def2343f,G10,10,3,512,c,1110011001,3,0.005859375,58.771088575
a0ee7567-39f4-4816-a0eb-227624bdce85,955711c4-afd3-490d-a366-4e51def2343f,G10,10,3,512,c,1110011100,3,0.005859375,41.831933308
a0ee7567-39f4-4816-a0eb-227624bdce85,955711c4-afd3-490d-a366-4e51def2343f,G10,10,3,512,c,0001000011,2,0.00390625,38.238100931000005
a0ee7567-39f4-4816-a0eb-227624bdce85,955711c4-afd3-490d-a366-4e51def2343f,G10,10,3,512,c,0001100011,2,0.00390625,41.831933308
a0ee7567-39f4-4816-a0eb-227624bdce85,955711c4-afd3-490d-a366-4e51def2343f,G10,10,3,512,c,0001110011,2,0.00390625,41.152386724
a0ee7567-39f4-4816-a0eb-227624bdce85,955711c4-afd3-490d-a366-4e51def2343f,G10,10,3,512,c,0001110101,2,0.00390625,28.293988702
a0ee7567-39f4-4816-a0eb-227624bdce85,955711c4-afd3-490d-a366-4e51def2343f,G10,10,3,512,c,0001110110,2,0.00390625,58.091541991
a0ee7567-39f4-4816-a0eb-227624bdce85,955711c4-afd3-490d-a366-4e51def2343f,G10,10,3,512,c,0010011001,2,0.00390625,34.099904699
a0ee7567-39f4-4816-a0eb-227624bdce85,955711c4-afd3-490d-a366-4e51def2343f,G10,10,3,512,c,0010111001,2,0.00390625,36.334643908000004
a0ee7567-39f4-4816-a0eb-227624bdce85,955711c4-afd3-490d-a366-4e51def2343f,G10,10,3,512,c,0010111101,2,0.00390625,16.158787655
a0ee7567-39f4-4816-a0eb-227624bdce85,955711c4-afd3-490d-a366-4e51def2343f,G10,10,3,512,c,0100011110,2,0.00390625,18.280135619
a0ee7567-39f4-4816-a0eb-227624bdce85,955711c4-afd3-490d-a366-4e51def2343f,G10,10,3,512,c,0100011111,2,0.00390625,21.516836604999998
a0ee7567-39f4-4816-a0eb-227624bdce85,955711c4-afd3-490d-a366-4e51def2343f,G10,10,3,512,c,0101000011,2,0.00390625,17.026603061
a0ee7567-39f4-4816-a0eb-227624bdce85,955711c4-afd3-490d-a366-4e51def2343f,G10,10,3,512,c,0101100010,2,0.00390625,17.383734452000002
a0ee7567-39f4-4816-a0eb-227624bdce85,955711c4-afd3-490d-a366-4e51def2343f,G10,10,3,512,c,0101100011,2,0.00390625,20.620435438
a0ee7567-39f4-4816-a0eb-227624bdce85,955711c4-afd3-490d-a366-4e51def2343f,G10,10,3,512,c,0110111100,2,0.00390625,64.252499321
a0ee7567-39f4-4816-a0eb-227624bdce85,955711c4-afd3-490d-a366-4e51def2343f,G10,10,3,512,c,0111100001,2,0.00390625,69.440323219
a0ee7567-39f4-4816-a0eb-227624bdce85,955711c4-afd3-490d-a366-4e51def2343f,G10,10,3,512,c,0111100101,2,0.00390625,78.06051421200002
a0ee7567-39f4-4816-a0eb-227624bdce85,955711c4-afd3-490d-a366-4e51def2343f,G10,10,3,512,c,1000011010,2,0.00390625,78.06051421200002
a0ee7567-39f4-4816-a0eb-227624bdce85,955711c4-afd3-490d-a366-4e51def2343f,G10,10,3,512,c,1000101001,2,0.00390625,45.348675130000004
a0ee7567-39f4-4816-a0eb-227624bdce85,955711c4-afd3-490d-a366-4e51def2343f,G10,10,3,512,c,1001100111,2,0.00390625,82.193616365
a0ee7567-39f4-4816-a0eb-227624bdce85,955711c4-afd3-490d-a366-4e51def2343f,G10,10,3,512,c,1010001001,2,0.00390625,36.880044121
a0ee7567-39f4-4816-a0eb-227624bdce85,955711c4-afd3-490d-a366-4e51def2343f,G10,10,3,512,c,1010011100,2,0.00390625,20.620435438
a0ee7567-39f4-4816-a0eb-227624bdce85,955711c4-afd3-490d-a366-4e51def2343f,G10,10,3,512,c,1010111100,2,0.00390625,17.026603061
a0ee7567-39f4-4816-a0eb-227624bdce85,955711c4-afd3-490d-a366-4e51def2343f,G10,10,3,512,c,1011000000,2,0.00390625,23.751575814
a0ee7567-39f4-4816-a0eb-227624bdce85,955711c4-afd3-490d-a366-4e51def2343f,G10,10,3,512,c,1101000010,2,0.00390625,16.158787655
a0ee7567-39f4-4816-a0eb-227624bdce85,955711c4-afd3-490d-a366-4e51def2343f,G10,10,3,512,c,1101100011,2,0.00390625,17.160749432
a0ee7567-39f4-4816-a0eb-227624bdce85,955711c4-afd3-490d-a366-4e51def2343f,G10,10,3,512,c,1110011000,2,0.00390625,62.007789561
a0ee7567-39f4-4816-a0eb-227624bdce85,955711c4-afd3-490d-a366-4e51def2343f,G10,10,3,512,c,1110101001,2,0.00390625,55.856802782
a0ee7567-39f4-4816-a0eb-227624bdce85,955711c4-afd3-490d-a366-4e51def2343f,G10,10,3,512,c,1110111001,2,0.00390625,55.177256198
a0ee7567-39f4-4816-a0eb-227624bdce85,955711c4-afd3-490d-a366-4e51def2343f,G10,10,3,512,c,1110111101,2,0.00390625,35.001399945
a0ee7567-39f4-4816-a0eb-227624bdce85,955711c4-afd3-490d-a366-4e51def2343f,G10,10,3,512,c,1111100000,2,0.00390625,42.728334475000004
a0ee7567-39f4-4816-a0eb-227624bdce85,955711c4-afd3-490d-a366-4e51def2343f,G10,10,3,512,c,1111100001,2,0.00390625,39.491633489
a0ee7567-39f4-4816-a0eb-227624bdce85,955711c4-afd3-490d-a366-4e51def2343f,G10,10,3,512,c,0000011001,1,0.001953125,18.314271193
a0ee7567-39f4-4816-a0eb-227624bdce85,955711c4-afd3-490d-a366-4e51def2343f,G10,10,3,512,c,0000011111,1,0.001953125,42.728334475000004
a0ee7567-39f4-4816-a0eb-227624bdce85,955711c4-afd3-490d-a366-4e51def2343f,G10,10,3,512,c,0000111011,1,0.001953125,53.583264677
a0ee7567-39f4-4816-a0eb-227624bdce85,955711c4-afd3-490d-a366-4e51def2343f,G10,10,3,512,c,0001000010,1,0.001953125,35.001399945
a0ee7567-39f4-4816-a0eb-227624bdce85,955711c4-afd3-490d-a366-4e51def2343f,G10,10,3,512,c,0001000110,1,0.001953125,55.177256198
a0ee7567-39f4-4816-a0eb-227624bdce85,955711c4-afd3-490d-a366-4e51def2343f,G10,10,3,512,c,0001010100,1,0.001953125,22.822548507
a0ee7567-39f4-4816-a0eb-227624bdce85,955711c4-afd3-490d-a366-4e51def2343f,G10,10,3,512,c,0001011011,1,0.001953125,53.315671138000006
a0ee7567-39f4-4816-a0eb-227624bdce85,955711c4-afd3-490d-a366-4e51def2343f,G10,10,3,512,c,0001100010,1,0.001953125,38.595232322
a0ee7567-39f4-4816-a0eb-227624bdce85,955711c4-afd3-490d-a366-4e51def2343f,G10,10,3,512,c,0001110100,1,0.001953125,25.057287716
a0ee7567-39f4-4816-a0eb-227624bdce85,955711c4-afd3-490d-a366-4e51def2343f,G10,10,3,512,c,0010011111,1,0.001953125,46.958302721
a0ee7567-39f4-4816-a0eb-227624bdce85,955711c4-afd3-490d-a366-4e51def2343f,G10,10,3,512,c,0010110100,1,0.001953125,33.793512264
a0ee7567-39f4-4816-a0eb-227624bdce85,955711c4-afd3-490d-a366-4e51def2343f,G10,10,3,512,c,0010111100,1,0.001953125,19.395488641
a0ee7567-39f4-4816-a0eb-227624bdce85,955711c4-afd3-490d-a366-4e51def2343f,G10,10,3,512,c,0011000000,1,0.001953125,24.226181148
a0ee7567-39f4-4816-a0eb-227624bdce85,955711c4-afd3-490d-a366-4e51def2343f,G10,10,3,512,c,0011000101,1,0.001953125,29.609671155
a0ee7567-39f4-4816-a0eb-227624bdce85,955711c4-afd3-490d-a366-4e51def2343f,G10,10,3,512,c,0011001100,1,0.001953125,18.448348518
a0ee7567-39f4-4816-a0eb-227624bdce85,955711c4-afd3-490d-a366-4e51def2343f,G10,10,3,512,c,0011010110,1,0.001953125,66.560173
a0ee7567-39f4-4816-a0eb-227624bdce85,955711c4-afd3-490d-a366-4e51def2343f,G10,10,3,512,c,0011011001,1,0.001953125,36.067050369
a0ee7567-39f4-4816-a0eb-227624bdce85,955711c4-afd3-490d-a366-4e51def2343f,G10,10,3,512,c,0011100010,1,0.001953125,60.8542678
a0ee7567-39f4-4816-a0eb-227624bdce85,955711c4-afd3-490d-a366-4e51def2343f,G10,10,3,512,c,0011100100,1,0.001953125,36.440204518
a0ee7567-39f4-4816-a0eb-227624bdce85,955711c4-afd3-490d-a366-4e51def2343f,G10,10,3,512,c,0011100111,1,0.001953125,66.23775780700001
a0ee7567-39f4-4816-a0eb-227624bdce85,955711c4-afd3-490d-a366-4e51def2343f,G10,10,3,512,c,0011110000,1,0.001953125,27.140466941
a0ee7567-39f4-4816-a0eb-227624bdce85,955711c4-afd3-490d-a366-4e51def2343f,G10,10,3,512,c,0100011010,1,0.001953125,26.900326612
a0ee7567-39f4-4816-a0eb-227624bdce85,955711c4-afd3-490d-a366-4e51def2343f,G10,10,3,512,c,0100011011,1,0.001953125,30.137027598
a0ee7567-39f4-4816-a0eb-227624bdce85,955711c4-afd3-490d-a366-4e51def2343f,G10,10,3,512,c,0100011100,1,0.001953125,51.314389894
a0ee7567-39f4-4816-a0eb-227624bdce85,955711c4-afd3-490d-a366-4e51def2343f,G10,10,3,512,c,0100111011,1,0.001953125,32.371766807
a0ee7567-39f4-4816-a0eb-227624bdce85,955711c4-afd3-490d-a366-4e51def2343f,G10,10,3,512,c,0100111110,1,0.001953125,20.514874828
a0ee7567-39f4-4816-a0eb-227624bdce85,955711c4-afd3-490d-a366-4e51def2343f,G10,10,3,512,c,0101010101,1,0.001953125,70.916260173
a0ee7567-39f4-4816-a0eb-227624bdce85,955711c4-afd3-490d-a366-4e51def2343f,G10,10,3,512,c,0101100110,1,0.001953125,37.559590705000005
a0ee7567-39f4-4816-a0eb-227624bdce85,955711c4-afd3-490d-a366-4e51def2343f,G10,10,3,512,c,0101100111,1,0.001953125,40.79629169100001
a0ee7567-39f4-4816-a0eb-227624bdce85,955711c4-afd3-490d-a366-4e51def2343f,G10,10,3,512,c,0101110010,1,0.001953125,16.704187868
a0ee7567-39f4-4816-a0eb-227624bdce85,955711c4-afd3-490d-a366-4e51def2343f,G10,10,3,512,c,0110001001,1,0.001953125,78.277368795
a0ee7567-39f4-4816-a0eb-227624bdce85,955711c4-afd3-490d-a366-4e51def2343f,G10,10,3,512,c,0110011000,1,0.001953125,82.193616365
a0ee7567-39f4-4816-a0eb-227624bdce85,955711c4-afd3-490d-a366-4e51def2343f,G10,10,3,512,c,0110111000,1,0.001953125,84.42835557400001
a0ee7567-39f4-4816-a0eb-227624bdce85,955711c4-afd3-490d-a366-4e51def2343f,G10,10,3,512,c,0110111001,1,0.001953125,81.191654588
a0ee7567-39f4-4816-a0eb-227624bdce85,955711c4-afd3-490d-a366-4e51def2343f,G10,10,3,512,c,0110111101,1,0.001953125,61.015798335
a0ee7567-39f4-4816-a0eb-227624bdce85,955711c4-afd3-490d-a366-4e51def2343f,G10,10,3,512,c,0111000110,1,0.001953125,44.669128546
a0ee7567-39f4-4816-a0eb-227624bdce85,955711c4-afd3-490d-a366-4e51def2343f,G10,10,3,512,c,0111100100,1,0.001953125,81.29721519800002
a0ee7567-39f4-4816-a0eb-227624bdce85,955711c4-afd3-490d-a366-4e51def2343f,G10,10,3,512,c,0111110111,1,0.001953125,44.346713353
a0ee7567-39f4-4816-a0eb-227624bdce85,955711c4-afd3-490d-a366-4e51def2343f,G10,10,3,512,c,1000001000,1,0.001953125,44.346713353
a0ee7567-39f4-4816-a0eb-227624bdce85,955711c4-afd3-490d-a366-4e51def2343f,G10,10,3,512,c,1000011001,1,0.001953125,48.26296092300001
a0ee7567-39f4-4816-a0eb-227624bdce85,955711c4-afd3-490d-a366-4e51def2343f,G10,10,3,512,c,1000011110,1,0.001953125,69.440323219
a0ee7567-39f4-4816-a0eb-227624bdce85,955711c4-afd3-490d-a366-4e51def2343f,G10,10,3,512,c,1000100010,1,0.001953125,60.748204796
a0ee7567-39f4-4816-a0eb-227624bdce85,955711c4-afd3-490d-a366-4e51def2343f,G10,10,3,512,c,1001000010,1,0.001953125,61.015798335
a0ee7567-39f4-4816-a0eb-227624bdce85,955711c4-afd3-490d-a366-4e51def2343f,G10,10,3,512,c,1001000011,1,0.001953125,64.252499321
a0ee7567-39f4-4816-a0eb-227624bdce85,955711c4-afd3-490d-a366-4e51def2343f,G10,10,3,512,c,1001100010,1,0.001953125,58.781059126
a0ee7567-39f4-4816-a0eb-227624bdce85,955711c4-afd3-490d-a366-4e51def2343f,G10,10,3,512,c,1001100011,1,0.001953125,62.017760112000005
a0ee7567-39f4-4816-a0eb-227624bdce85,955711c4-afd3-490d-a366-4e51def2343f,G10,10,3,512,c,1001100110,1,0.001953125,78.956915379
a0ee7567-39f4-4816-a0eb-227624bdce85,955711c4-afd3-490d-a366-4e51def2343f,G10,10,3,512,c,1001110011,1,0.001953125,61.338213528000004
a0ee7567-39f4-4816-a0eb-227624bdce85,955711c4-afd3-490d-a366-4e51def2343f,G10,10,3,512,c,1010001000,1,0.001953125,40.116745107
a0ee7567-39f4-4816-a0eb-227624bdce85,955711c4-afd3-490d-a366-4e51def2343f,G10,10,3,512,c,1010001100,1,0.001953125,19.940888854
a0ee7567-39f4-4816-a0eb-227624bdce85,955711c4-afd3-490d-a366-4e51def2343f,G10,10,3,512,c,1010001101,1,0.001953125,16.704187868
a0ee7567-39f4-4816-a0eb-227624bdce85,955711c4-afd3-490d-a366-4e51def2343f,G10,10,3,512,c,1010001111,1,0.001953125,49.738442143
a0ee7567-39f4-4816-a0eb-227624bdce85,955711c4-afd3-490d-a366-4e51def2343f,G10,10,3,512,c,1010111000,1,0.001953125,37.202459314
a0ee7567-39f4-4816-a0eb-227624bdce85,955711c4-afd3-490d-a366-4e51def2343f,G10,10,3,512,c,1010111001,1,0.001953125,33.965758328
a0ee7567-39f4-4816-a0eb-227624bdce85,955711c4-afd3-490d-a366-4e51def2343f,G10,10,3,512,c,1010111101,1,0.001953125,13.789902075
a0ee7567-39f4-4816-a0eb-227624bdce85,955711c4-afd3-490d-a366-4e51def2343f,G10,10,3,512,c,1011001000,1,0.001953125,38.149599437000006
a0ee7567-39f4-4816-a0eb-227624bdce85,955711c4-afd3-490d-a366-4e51def2343f,G10,10,3,512,c,1011100000,1,0.001953125,21.516836604999998
a0ee7567-39f4-4816-a0eb-227624bdce85,955711c4-afd3-490d-a366-4e51def2343f,G10,10,3,512,c,1011100010,1,0.001953125,54.551090880000004
a0ee7567-39f4-4816-a0eb-227624bdce85,955711c4-afd3-490d-a366-4e51def2343f,G10,10,3,512,c,1100001000,1,0.001953125,65.558211223
a0ee7567-39f4-4816-a0eb-227624bdce85,955711c4-afd3-490d-a366-4e51def2343f,G10,10,3,512,c,1100001101,1,0.001953125,60.174721216
a0ee7567-39f4-4816-a0eb-227624bdce85,955711c4-afd3-490d-a366-4e51def2343f,G10,10,3,512,c,1100001111,1,0.001953125,27.140466941
a0ee7567-39f4-4816-a0eb-227624bdce85,955711c4-afd3-490d-a366-4e51def2343f,G10,10,3,512,c,1100011011,1,0.001953125,36.440204518
a0ee7567-39f4-4816-a0eb-227624bdce85,955711c4-afd3-490d-a366-4e51def2343f,G10,10,3,512,c,1100101100,1,0.001953125,54.703281021
a0ee7567-39f4-4816-a0eb-227624bdce85,955711c4-afd3-490d-a366-4e51def2343f,G10,10,3,512,c,1100101101,1,0.001953125,57.939982007000005
a0ee7567-39f4-4816-a0eb-227624bdce85,955711c4-afd3-490d-a366-4e51def2343f,G10,10,3,512,c,1100111001,1,0.001953125,65.880626416
a0ee7567-39f4-4816-a0eb-227624bdce85,955711c4-afd3-490d-a366-4e51def2343f,G10,10,3,512,c,1100111111,1,0.001953125,24.226181148
a0ee7567-39f4-4816-a0eb-227624bdce85,955711c4-afd3-490d-a366-4e51def2343f,G10,10,3,512,c,1101000011,1,0.001953125,19.395488641
a0ee7567-39f4-4816-a0eb-227624bdce85,955711c4-afd3-490d-a366-4e51def2343f,G10,10,3,512,c,1101000110,1,0.001953125,36.334643908000004
a0ee7567-39f4-4816-a0eb-227624bdce85,955711c4-afd3-490d-a366-4e51def2343f,G10,10,3,512,c,1101001011,1,0.001953125,33.793512264
a0ee7567-39f4-4816-a0eb-227624bdce85,955711c4-afd3-490d-a366-4e51def2343f,G10,10,3,512,c,1101100111,1,0.001953125,37.336605685
a0ee7567-39f4-4816-a0eb-227624bdce85,955711c4-afd3-490d-a366-4e51def2343f,G10,10,3,512,c,1110000100,1,0.001953125,55.550410347
a0ee7567-39f4-4816-a0eb-227624bdce85,955711c4-afd3-490d-a366-4e51def2343f,G10,10,3,512,c,1110001010,1,0.001953125,28.293988702
a0ee7567-39f4-4816-a0eb-227624bdce85,955711c4-afd3-490d-a366-4e51def2343f,G10,10,3,512,c,1110001011,1,0.001953125,25.057287716
a0ee7567-39f4-4816-a0eb-227624bdce85,955711c4-afd3-490d-a366-4e51def2343f,G10,10,3,512,c,1110001111,1,0.001953125,4.881431463
a0ee7567-39f4-4816-a0eb-227624bdce85,955711c4-afd3-490d-a366-4e51def2343f,G10,10,3,512,c,1110011101,1,0.001953125,38.595232322
a0ee7567-39f4-4816-a0eb-227624bdce85,955711c4-afd3-490d-a366-4e51def2343f,G10,10,3,512,c,1110100101,1,0.001953125,50.078970152000004
a0ee7567-39f4-4816-a0eb-227624bdce85,955711c4-afd3-490d-a366-4e51def2343f,G10,10,3,512,c,1110101010,1,0.001953125,26.059249493
a0ee7567-39f4-4816-a0eb-227624bdce85,955711c4-afd3-490d-a366-4e51def2343f,G10,10,3,512,c,1110101101,1,0.001953125,35.680946529
a0ee7567-39f4-4816-a0eb-227624bdce85,955711c4-afd3-490d-a366-4e51def2343f,G10,10,3,512,c,1110101110,1,0.001953125,5.88339324
a0ee7567-39f4-4816-a0eb-227624bdce85,955711c4-afd3-490d-a366-4e51def2343f,G10,10,3,512,c,1110111000,1,0.001953125,58.413957184000004
a0ee7567-39f4-4816-a0eb-227624bdce85,955711c4-afd3-490d-a366-4e51def2343f,G10,10,3,512,c,1111000001,1,0.001953125,41.726372698
a0ee7567-39f4-4816-a0eb-227624bdce85,955711c4-afd3-490d-a366-4e51def2343f,G10,10,3,512,c,1111000010,1,0.001953125,11.928819408999999
a0ee7567-39f4-4816-a0eb-227624bdce85,955711c4-afd3-490d-a366-4e51def2343f,G10,10,3,512,c,1111000101,1,0.001953125,50.346563691
a0ee7567-39f4-4816-a0eb-227624bdce85,955711c4-afd3-490d-a366-4e51def2343f,G10,10,3,512,c,1111100101,1,0.001953125,48.111824482
a0ee7567-39f4-4816-a0eb-227624bdce85,955711c4-afd3-490d-a366-4e51def2343f,G10,10,3,512,c,1111100110,1,0.001953125,18.314271193
a0ee7567-39f4-4816-a0eb-227624bdce85,34962464-f590-463c-adb1-208f9e7ab007,G12,12,3,512,c,000110110101,6,0.01171875,34.51856221
a0ee7567-39f4-4816-a0eb-227624bdce85,34962464-f590-463c-adb1-208f9e7ab007,G12,12,3,512,c,111001101010,6,0.01171875,33.201124127
a0ee7567-39f4-4816-a0eb-227624bdce85,34962464-f590-463c-adb1-208f9e7ab007,G12,12,3,512,c,001110110101,5,0.009765625,38.748530456
a0ee7567-39f4-4816-a0eb-227624bdce85,34962464-f590-463c-adb1-208f9e7ab007,G12,12,3,512,c,110000101010,5,0.009765625,33.841395031000005
a0ee7567-39f4-4816-a0eb-227624bdce85,34962464-f590-463c-adb1-208f9e7ab007,G12,12,3,512,c,110001101011,5,0.009765625,40.667793359
a0ee7567-39f4-4816-a0eb-227624bdce85,34962464-f590-463c-adb1-208f9e7ab007,G12,12,3,512,c,110101001000,5,0.009765625,64.908503636
a0ee7567-39f4-4816-a0eb-227624bdce85,34962464-f590-463c-adb1-208f9e7ab007,G12,12,3,512,c,111000001010,5,0.009765625,28.293988702
a0ee7567-39f4-4816-a0eb-227624bdce85,34962464-f590-463c-adb1-208f9e7ab007,G12,12,3,512,c,000110010101,4,0.0078125,33.201124127
a0ee7567-39f4-4816-a0eb-227624bdce85,34962464-f590-463c-adb1-208f9e7ab007,G12,12,3,512,c,000111110101,4,0.0078125,28.293988702
a0ee7567-39f4-4816-a0eb-227624bdce85,34962464-f590-463c-adb1-208f9e7ab007,G12,12,3,512,c,001010110111,4,0.0078125,64.908503636
a0ee7567-39f4-4816-a0eb-227624bdce85,34962464-f590-463c-adb1-208f9e7ab007,G12,12,3,512,c,001011010111,4,0.0078125,69.81563906100001
a0ee7567-39f4-4816-a0eb-227624bdce85,34962464-f590-463c-adb1-208f9e7ab007,G12,12,3,512,c,010110010101,4,0.0078125,78.058134807
a0ee7567-39f4-4816-a0eb-227624bdce85,34962464-f590-463c-adb1-208f9e7ab007,G12,12,3,512,c,100001101111,4,0.0078125,76.90461304600002
a0ee7567-39f4-4816-a0eb-227624bdce85,34962464-f590-463c-adb1-208f9e7ab007,G12,12,3,512,c,101001001110,4,0.0078125,59.199716637
a0ee7567-39f4-4816-a0eb-227624bdce85,34962464-f590-463c-adb1-208f9e7ab007,G12,12,3,512,c,101011100110,4,0.0078125,70.045562968
a0ee7567-39f4-4816-a0eb-227624bdce85,34962464-f590-463c-adb1-208f9e7ab007,G12,12,3,512,c,110000101011,4,0.0078125,37.07809601700001
a0ee7567-39f4-4816-a0eb-227624bdce85,34962464-f590-463c-adb1-208f9e7ab007,G12,12,3,512,c,110001101010,4,0.0078125,37.431092373
a0ee7567-39f4-4816-a0eb-227624bdce85,34962464-f590-463c-adb1-208f9e7ab007,G12,12,3,512,c,111101001000,4,0.0078125,60.67853539
a0ee7567-39f4-4816-a0eb-227624bdce85,34962464-f590-463c-adb1-208f9e7ab007,G12,12,3,512,c,000000111110,3,0.005859375,40.809071572
a0ee7567-39f4-4816-a0eb-227624bdce85,34962464-f590-463c-adb1-208f9e7ab007,G12,12,3,512,c,000010110111,3,0.005859375,60.67853539
a0ee7567-39f4-4816-a0eb-227624bdce85,34962464-f590-463c-adb1-208f9e7ab007,G12,12,3,512,c,000110110001,3,0.005859375,14.342705957
a0ee7567-39f4-4816-a0eb-227624bdce85,34962464-f590-463c-adb1-208f9e7ab007,G12,12,3,512,c,001011110111,3,0.005859375,68.498200978
a0ee7567-39f4-4816-a0eb-227624bdce85,34962464-f590-463c-adb1-208f9e7ab007,G12,12,3,512,c,001110010101,3,0.005859375,37.431092373
a0ee7567-39f4-4816-a0eb-227624bdce85,34962464-f590-463c-adb1-208f9e7ab007,G12,12,3,512,c,001110110100,3,0.005859375,41.985231442
a0ee7567-39f4-4816-a0eb-227624bdce85,34962464-f590-463c-adb1-208f9e7ab007,G12,12,3,512,c,001111010101,3,0.005859375,33.841395031000005
a0ee7567-39f4-4816-a0eb-227624bdce85,34962464-f590-463c-adb1-208f9e7ab007,G12,12,3,512,c,001111110101,3,0.005859375,32.523956948000006
a0ee7567-39f4-4816-a0eb-227624bdce85,34962464-f590-463c-adb1-208f9e7ab007,G12,12,3,512,c,010010010011,3,0.005859375,17.973743184
a0ee7567-39f4-4816-a0eb-227624bdce85,34962464-f590-463c-adb1-208f9e7ab007,G12,12,3,512,c,011010000010,3,0.005859375,37.675624260000006
a0ee7567-39f4-4816-a0eb-227624bdce85,34962464-f590-463c-adb1-208f9e7ab007,G12,12,3,512,c,011110010001,3,0.005859375,73.66791206000002
a0ee7567-39f4-4816-a0eb-227624bdce85,34962464-f590-463c-adb1-208f9e7ab007,G12,12,3,512,c,011110010101,3,0.005859375,82.28810305300001
a0ee7567-39f4-4816-a0eb-227624bdce85,34962464-f590-463c-adb1-208f9e7ab007,G12,12,3,512,c,011111010001,3,0.005859375,70.07821471800001
a0ee7567-39f4-4816-a0eb-227624bdce85,34962464-f590-463c-adb1-208f9e7ab007,G12,12,3,512,c,100000001110,3,0.005859375,68.76077663500001
a0ee7567-39f4-4816-a0eb-227624bdce85,34962464-f590-463c-adb1-208f9e7ab007,G12,12,3,512,c,100100001000,3,0.005859375,47.286703108
a0ee7567-39f4-4816-a0eb-227624bdce85,34962464-f590-463c-adb1-208f9e7ab007,G12,12,3,512,c,100101101100,3,0.005859375,33.75937669
a0ee7567-39f4-4816-a0eb-227624bdce85,34962464-f590-463c-adb1-208f9e7ab007,G12,12,3,512,c,101001001010,3,0.005859375,79.37557289
a0ee7567-39f4-4816-a0eb-227624bdce85,34962464-f590-463c-adb1-208f9e7ab007,G12,12,3,512,c,101001101110,3,0.005859375,57.882278554
a0ee7567-39f4-4816-a0eb-227624bdce85,34962464-f590-463c-adb1-208f9e7ab007,G12,12,3,512,c,101001101111,3,0.005859375,54.645577568
a0ee7567-39f4-4816-a0eb-227624bdce85,34962464-f590-463c-adb1-208f9e7ab007,G12,12,3,512,c,101101001101,3,0.005859375,16.054480281
a0ee7567-39f4-4816-a0eb-227624bdce85,34962464-f590-463c-adb1-208f9e7ab007,G12,12,3,512,c,110000001010,3,0.005859375,32.523956948000006
a0ee7567-39f4-4816-a0eb-227624bdce85,34962464-f590-463c-adb1-208f9e7ab007,G12,12,3,512,c,110100101000,3,0.005859375,69.81563906100001
a0ee7567-39f4-4816-a0eb-227624bdce85,34962464-f590-463c-adb1-208f9e7ab007,G12,12,3,512,c,111000101110,3,0.005859375,9.435570532
a0ee7567-39f4-4816-a0eb-227624bdce85,34962464-f590-463c-adb1-208f9e7ab007,G12,12,3,512,c,111011000010,3,0.005859375,17.885799378
a0ee7567-39f4-4816-a0eb-227624bdce85,34962464-f590-463c-adb1-208f9e7ab007,G12,12,3,512,c,000000111111,2,0.00390625,44.045772558
a0ee7567-39f4-4816-a0eb-227624bdce85,34962464-f590-463c-adb1-208f9e7ab007,G12,12,3,512,c,000100011101,2,0.00390625,16.568361295
a0ee7567-39f4-4816-a0eb-227624bdce85,34962464-f590-463c-adb1-208f9e7ab007,G12,12,3,512,c,000110010100,2,0.00390625,29.964423141
a0ee7567-39f4-4816-a0eb-227624bdce85,34962464-f590-463c-adb1-208f9e7ab007,G12,12,3,512,c,000110110000,2,0.00390625,11.106004971
a0ee7567-39f4-4816-a0eb-227624bdce85,34962464-f590-463c-adb1-208f9e7ab007,G12,12,3,512,c,000111010100,2,0.00390625,26.374725799000004
a0ee7567-39f4-4816-a0eb-227624bdce85,34962464-f590-463c-adb1-208f9e7ab007,G12,12,3,512,c,000111110000,2,0.00390625,4.881431463
a0ee7567-39f4-4816-a0eb-227624bdce85,34962464-f590-463c-adb1-208f9e7ab007,G12,12,3,512,c,000111110100,2,0.00390625,25.057287716
a0ee7567-39f4-4816-a0eb-227624bdce85,34962464-f590-463c-adb1-208f9e7ab007,G12,12,3,512,c,001001011111,2,0.00390625,53.182876229
a0ee7567-39f4-4816-a0eb-227624bdce85,34962464-f590-463c-adb1-208f9e7ab007,G12,12,3,512,c,001010000111,2,0.00390625,64.270612137
a0ee7567-39f4-4816-a0eb-227624bdce85,34962464-f590-463c-adb1-208f9e7ab007,G12,12,3,512,c,001011010011,2,0.00390625,61.195448068000005
a0ee7567-39f4-4816-a0eb-227624bdce85,34962464-f590-463c-adb1-208f9e7ab007,G12,12,3,512,c,001011010110,2,0.00390625,73.05234004700002
a0ee7567-39f4-4816-a0eb-227624bdce85,34962464-f590-463c-adb1-208f9e7ab007,G12,12,3,512,c,001011100010,2,0.00390625,63.79425755500001
a0ee7567-39f4-4816-a0eb-227624bdce85,34962464-f590-463c-adb1-208f9e7ab007,G12,12,3,512,c,001100111000,2,0.00390625,45.528324863
a0ee7567-39f4-4816-a0eb-227624bdce85,34962464-f590-463c-adb1-208f9e7ab007,G12,12,3,512,c,001100111100,2,0.00390625,25.35246861
a0ee7567-39f4-4816-a0eb-227624bdce85,34962464-f590-463c-adb1-208f9e7ab007,G12,12,3,512,c,001111010100,2,0.00390625,37.07809601700001
a0ee7567-39f4-4816-a0eb-227624bdce85,34962464-f590-463c-adb1-208f9e7ab007,G12,12,3,512,c,001111110000,2,0.00390625,27.140466941
a0ee7567-39f4-4816-a0eb-227624bdce85,34962464-f590-463c-adb1-208f9e7ab007,G12,12,3,512,c,001111110100,2,0.00390625,35.76065793400001
a0ee7567-39f4-4816-a0eb-227624bdce85,34962464-f590-463c-adb1-208f9e7ab007,G12,12,3,512,c,010010000010,2,0.00390625,15.416588782
a0ee7567-39f4-4816-a0eb-227624bdce85,34962464-f590-463c-adb1-208f9e7ab007,G12,12,3,512,c,010010000011,2,0.00390625,18.653289768
a0ee7567-39f4-4816-a0eb-227624bdce85,34962464-f590-463c-adb1-208f9e7ab007,G12,12,3,512,c,010011010010,2,0.00390625,20.961615705999996
a0ee7567-39f4-4816-a0eb-227624bdce85,34962464-f590-463c-adb1-208f9e7ab007,G12,12,3,512,c,010011100110,2,0.00390625,40.499580460000004
a0ee7567-39f4-4816-a0eb-227624bdce85,34962464-f590-463c-adb1-208f9e7ab007,G12,12,3,512,c,010100011100,2,0.00390625,58.188670989
a0ee7567-39f4-4816-a0eb-227624bdce85,34962464-f590-463c-adb1-208f9e7ab007,G12,12,3,512,c,010100111001,2,0.00390625,71.36300105100001
a0ee7567-39f4-4816-a0eb-227624bdce85,34962464-f590-463c-adb1-208f9e7ab007,G12,12,3,512,c,010100111101,2,0.00390625,62.742810058
a0ee7567-39f4-4816-a0eb-227624bdce85,34962464-f590-463c-adb1-208f9e7ab007,G12,12,3,512,c,010110010000,2,0.00390625,54.645577568
a0ee7567-39f4-4816-a0eb-227624bdce85,34962464-f590-463c-adb1-208f9e7ab007,G12,12,3,512,c,010111010001,2,0.00390625,54.292581212
a0ee7567-39f4-4816-a0eb-227624bdce85,34962464-f590-463c-adb1-208f9e7ab007,G12,12,3,512,c,011010110011,2,0.00390625,35.076814773
a0ee7567-39f4-4816-a0eb-227624bdce85,34962464-f590-463c-adb1-208f9e7ab007,G12,12,3,512,c,011100011001,2,0.00390625,85.83119647400001
a0ee7567-39f4-4816-a0eb-227624bdce85,34962464-f590-463c-adb1-208f9e7ab007,G12,12,3,512,c,011110110101,2,0.00390625,83.60554113600001
a0ee7567-39f4-4816-a0eb-227624bdce85,34962464-f590-463c-adb1-208f9e7ab007,G12,12,3,512,c,011111010101,2,0.00390625,78.698405711
a0ee7567-39f4-4816-a0eb-227624bdce85,34962464-f590-463c-adb1-208f9e7ab007,G12,12,3,512,c,011111110100,2,0.00390625,80.61766861400001
a0ee7567-39f4-4816-a0eb-227624bdce85,34962464-f590-463c-adb1-208f9e7ab007,G12,12,3,512,c,100000001111,2,0.00390625,71.99747762100002
a0ee7567-39f4-4816-a0eb-227624bdce85,34962464-f590-463c-adb1-208f9e7ab007,G12,12,3,512,c,100000011111,2,0.00390625,72.67702420500001
a0ee7567-39f4-4816-a0eb-227624bdce85,34962464-f590-463c-adb1-208f9e7ab007,G12,12,3,512,c,100000111010,2,0.00390625,79.377952295
a0ee7567-39f4-4816-a0eb-227624bdce85,34962464-f590-463c-adb1-208f9e7ab007,G12,12,3,512,c,100001101011,2,0.00390625,85.52480403900002
a0ee7567-39f4-4816-a0eb-227624bdce85,34962464-f590-463c-adb1-208f9e7ab007,G12,12,3,512,c,100001101110,2,0.00390625,73.66791206000002
a0ee7567-39f4-4816-a0eb-227624bdce85,34962464-f590-463c-adb1-208f9e7ab007,G12,12,3,512,c,100100101000,2,0.00390625,48.604141191
a0ee7567-39f4-4816-a0eb-227624bdce85,34962464-f590-463c-adb1-208f9e7ab007,G12,12,3,512,c,100100101100,2,0.00390625,39.983950198
a0ee7567-39f4-4816-a0eb-227624bdce85,34962464-f590-463c-adb1-208f9e7ab007,G12,12,3,512,c,100101001000,2,0.00390625,43.697005766000004
a0ee7567-39f4-4816-a0eb-227624bdce85,34962464-f590-463c-adb1-208f9e7ab007,G12,12,3,512,c,100111100100,2,0.00390625,45.922661104
a0ee7567-39f4-4816-a0eb-227624bdce85,34962464-f590-463c-adb1-208f9e7ab007,G12,12,3,512,c,101000001110,2,0.00390625,52.975143129
a0ee7567-39f4-4816-a0eb-227624bdce85,34962464-f590-463c-adb1-208f9e7ab007,G12,12,3,512,c,101000101110,2,0.00390625,54.292581212
a0ee7567-39f4-4816-a0eb-227624bdce85,34962464-f590-463c-adb1-208f9e7ab007,G12,12,3,512,c,101000101111,2,0.00390625,51.055880226
a0ee7567-39f4-4816-a0eb-227624bdce85,34962464-f590-463c-adb1-208f9e7ab007,G12,12,3,512,c,101001101010,2,0.00390625,78.058134807
a0ee7567-39f4-4816-a0eb-227624bdce85,34962464-f590-463c-adb1-208f9e7ab007,G12,12,3,512,c,101101101100,2,0.00390625,17.973743184
a0ee7567-39f4-4816-a0eb-227624bdce85,34962464-f590-463c-adb1-208f9e7ab007,G12,12,3,512,c,101101111101,2,0.00390625,15.416588782
a0ee7567-39f4-4816-a0eb-227624bdce85,34962464-f590-463c-adb1-208f9e7ab007,G12,12,3,512,c,110000001111,2,0.00390625,27.140466941
a0ee7567-39f4-4816-a0eb-227624bdce85,34962464-f590-463c-adb1-208f9e7ab007,G12,12,3,512,c,110101101000,2,0.00390625,63.59106555300001
a0ee7567-39f4-4816-a0eb-227624bdce85,34962464-f590-463c-adb1-208f9e7ab007,G12,12,3,512,c,110111000000,2,0.00390625,48.275740804
a0ee7567-39f4-4816-a0eb-227624bdce85,34962464-f590-463c-adb1-208f9e7ab007,G12,12,3,512,c,111000101011,2,0.00390625,26.374725799000004
a0ee7567-39f4-4816-a0eb-227624bdce85,34962464-f590-463c-adb1-208f9e7ab007,G12,12,3,512,c,111001001010,2,0.00390625,34.51856221
a0ee7567-39f4-4816-a0eb-227624bdce85,34962464-f590-463c-adb1-208f9e7ab007,G12,12,3,512,c,111001001110,2,0.00390625,14.342705957
a0ee7567-39f4-4816-a0eb-227624bdce85,34962464-f590-463c-adb1-208f9e7ab007,G12,12,3,512,c,111001101110,2,0.00390625,13.025267874
a0ee7567-39f4-4816-a0eb-227624bdce85,34962464-f590-463c-adb1-208f9e7ab007,G12,12,3,512,c,111011000110,2,0.00390625,26.505990371
a0ee7567-39f4-4816-a0eb-227624bdce85,34962464-f590-463c-adb1-208f9e7ab007,G12,12,3,512,c,111100001000,2,0.00390625,64.268232732
a0ee7567-39f4-4816-a0eb-227624bdce85,34962464-f590-463c-adb1-208f9e7ab007,G12,12,3,512,c,111100011000,2,0.00390625,64.947779316
a0ee7567-39f4-4816-a0eb-227624bdce85,34962464-f590-463c-adb1-208f9e7ab007,G12,12,3,512,c,111100111101,2,0.00390625,42.85266016
a0ee7567-39f4-4816-a0eb-227624bdce85,34962464-f590-463c-adb1-208f9e7ab007,G12,12,3,512,c,111101001001,2,0.00390625,57.441834404
a0ee7567-39f4-4816-a0eb-227624bdce85,34962464-f590-463c-adb1-208f9e7ab007,G12,12,3,512,c,111110000000,2,0.00390625,47.635469900000004
a0ee7567-39f4-4816-a0eb-227624bdce85,34962464-f590-463c-adb1-208f9e7ab007,G12,12,3,512,c,000001011101,1,0.001953125,15.918653708
a0ee7567-39f4-4816-a0eb-227624bdce85,34962464-f590-463c-adb1-208f9e7ab007,G12,12,3,512,c,000001011111,1,0.001953125,48.952907983
a0ee7567-39f4-4816-a0eb-227624bdce85,34962464-f590-463c-adb1-208f9e7ab007,G12,12,3,512,c,000001111111,1,0.001953125,47.635469900000004
a0ee7567-39f4-4816-a0eb-227624bdce85,34962464-f590-463c-adb1-208f9e7ab007,G12,12,3,512,c,000010010111,1,0.001953125,59.361097307
a0ee7567-39f4-4816-a0eb-227624bdce85,34962464-f590-463c-adb1-208f9e7ab007,G12,12,3,512,c,000010110000,1,0.001953125,4.231723876
a0ee7567-39f4-4816-a0eb-227624bdce85,34962464-f590-463c-adb1-208f9e7ab007,G12,12,3,512,c,000010110010,1,0.001953125,37.265978151
a0ee7567-39f4-4816-a0eb-227624bdce85,34962464-f590-463c-adb1-208f9e7ab007,G12,12,3,512,c,000010110011,1,0.001953125,40.502679137
a0ee7567-39f4-4816-a0eb-227624bdce85,34962464-f590-463c-adb1-208f9e7ab007,G12,12,3,512,c,000011000010,1,0.001953125,42.85266016
a0ee7567-39f4-4816-a0eb-227624bdce85,34962464-f590-463c-adb1-208f9e7ab007,G12,12,3,512,c,000011000110,1,0.001953125,63.028516413
a0ee7567-39f4-4816-a0eb-227624bdce85,34962464-f590-463c-adb1-208f9e7ab007,G12,12,3,512,c,000011000111,1,0.001953125,66.265217399
a0ee7567-39f4-4816-a0eb-227624bdce85,34962464-f590-463c-adb1-208f9e7ab007,G12,12,3,512,c,000011100010,1,0.001953125,41.535222077
a0ee7567-39f4-4816-a0eb-227624bdce85,34962464-f590-463c-adb1-208f9e7ab007,G12,12,3,512,c,000011110001,1,0.001953125,11.058122204
a0ee7567-39f4-4816-a0eb-227624bdce85,34962464-f590-463c-adb1-208f9e7ab007,G12,12,3,512,c,000011110100,1,0.001953125,27.997277471
a0ee7567-39f4-4816-a0eb-227624bdce85,34962464-f590-463c-adb1-208f9e7ab007,G12,12,3,512,c,000011110101,1,0.001953125,31.233978457
a0ee7567-39f4-4816-a0eb-227624bdce85,34962464-f590-463c-adb1-208f9e7ab007,G12,12,3,512,c,000011110110,1,0.001953125,61.031531746
a0ee7567-39f4-4816-a0eb-227624bdce85,34962464-f590-463c-adb1-208f9e7ab007,G12,12,3,512,c,000011110111,1,0.001953125,64.268232732
a0ee7567-39f4-4816-a0eb-227624bdce85,34962464-f590-463c-adb1-208f9e7ab007,G12,12,3,512,c,000011111111,1,0.001953125,49.870209109
a0ee7567-39f4-4816-a0eb-227624bdce85,34962464-f590-463c-adb1-208f9e7ab007,G12,12,3,512,c,000100011000,1,0.001953125,21.951851302
a0ee7567-39f4-4816-a0eb-227624bdce85,34962464-f590-463c-adb1-208f9e7ab007,G12,12,3,512,c,000100011001,1,0.001953125,25.188552288
a0ee7567-39f4-4816-a0eb-227624bdce85,34962464-f590-463c-adb1-208f9e7ab007,G12,12,3,512,c,000100011100,1,0.001953125,13.331660309
a0ee7567-39f4-4816-a0eb-227624bdce85,34962464-f590-463c-adb1-208f9e7ab007,G12,12,3,512,c,000100011111,1,0.001953125,49.602615570000005
a0ee7567-39f4-4816-a0eb-227624bdce85,34962464-f590-463c-adb1-208f9e7ab007,G12,12,3,512,c,000100111101,1,0.001953125,17.885799378
a0ee7567-39f4-4816-a0eb-227624bdce85,34962464-f590-463c-adb1-208f9e7ab007,G12,12,3,512,c,000101011100,1,0.001953125,9.741962967000001
a0ee7567-39f4-4816-a0eb-227624bdce85,34962464-f590-463c-adb1-208f9e7ab007,G12,12,3,512,c,000110010001,1,0.001953125,13.025267874
a0ee7567-39f4-4816-a0eb-227624bdce85,34962464-f590-463c-adb1-208f9e7ab007,G12,12,3,512,c,000110100101,1,0.001953125,35.198108794
a0ee7567-39f4-4816-a0eb-227624bdce85,34962464-f590-463c-adb1-208f9e7ab007,G12,12,3,512,c,000110110100,1,0.001953125,31.281861224
a0ee7567-39f4-4816-a0eb-227624bdce85,34962464-f590-463c-adb1-208f9e7ab007,G12,12,3,512,c,000110111101,1,0.001953125,20.120538587
a0ee7567-39f4-4816-a0eb-227624bdce85,34962464-f590-463c-adb1-208f9e7ab007,G12,12,3,512,c,000111010101,1,0.001953125,29.611426785000003
a0ee7567-39f4-4816-a0eb-227624bdce85,34962464-f590-463c-adb1-208f9e7ab007,G12,12,3,512,c,000111100101,1,0.001953125,28.973535286
a0ee7567-39f4-4816-a0eb-227624bdce85,34962464-f590-463c-adb1-208f9e7ab007,G12,12,3,512,c,001000011110,1,0.001953125,50.195003707000005
a0ee7567-39f4-4816-a0eb-227624bdce85,34962464-f590-463c-adb1-208f9e7ab007,G12,12,3,512,c,001000011111,1,0.001953125,46.958302721
a0ee7567-39f4-4816-a0eb-227624bdce85,34962464-f590-463c-adb1-208f9e7ab007,G12,12,3,512,c,001000111111,1,0.001953125,48.275740804
a0ee7567-39f4-4816-a0eb-227624bdce85,34962464-f590-463c-adb1-208f9e7ab007,G12,12,3,512,c,001001011110,1,0.001953125,56.419577215000004
a0ee7567-39f4-4816-a0eb-227624bdce85,34962464-f590-463c-adb1-208f9e7ab007,G12,12,3,512,c,001010000011,1,0.001953125,55.650421144000006
a0ee7567-39f4-4816-a0eb-227624bdce85,34962464-f590-463c-adb1-208f9e7ab007,G12,12,3,512,c,001010010010,1,0.001953125,58.20757554600001
a0ee7567-39f4-4816-a0eb-227624bdce85,34962464-f590-463c-adb1-208f9e7ab007,G12,12,3,512,c,001010010110,1,0.001953125,66.82776653900001
a0ee7567-39f4-4816-a0eb-227624bdce85,34962464-f590-463c-adb1-208f9e7ab007,G12,12,3,512,c,001010010111,1,0.001953125,63.59106555300001
a0ee7567-39f4-4816-a0eb-227624bdce85,34962464-f590-463c-adb1-208f9e7ab007,G12,12,3,512,c,001010110011,1,0.001953125,56.288312643000005
a0ee7567-39f4-4816-a0eb-227624bdce85,34962464-f590-463c-adb1-208f9e7ab007,G12,12,3,512,c,001010110101,1,0.001953125,31.874249361
a0ee7567-39f4-4816-a0eb-227624bdce85,34962464-f590-463c-adb1-208f9e7ab007,G12,12,3,512,c,001010110110,1,0.001953125,68.14520462200001
a0ee7567-39f4-4816-a0eb-227624bdce85,34962464-f590-463c-adb1-208f9e7ab007,G12,12,3,512,c,001010111111,1,0.001953125,50.510480013000006
a0ee7567-39f4-4816-a0eb-227624bdce85,34962464-f590-463c-adb1-208f9e7ab007,G12,12,3,512,c,001011000010,1,0.001953125,65.111695638
a0ee7567-39f4-4816-a0eb-227624bdce85,34962464-f590-463c-adb1-208f9e7ab007,G12,12,3,512,c,001011000011,1,0.001953125,61.874994652000005
a0ee7567-39f4-4816-a0eb-227624bdce85,34962464-f590-463c-adb1-208f9e7ab007,G12,12,3,512,c,001011000110,1,0.001953125,73.73188663100001
a0ee7567-39f4-4816-a0eb-227624bdce85,34962464-f590-463c-adb1-208f9e7ab007,G12,12,3,512,c,001011100101,1,0.001953125,36.143493287
a0ee7567-39f4-4816-a0eb-227624bdce85,34962464-f590-463c-adb1-208f9e7ab007,G12,12,3,512,c,001011100111,1,0.001953125,69.17774756200001
a0ee7567-39f4-4816-a0eb-227624bdce85,34962464-f590-463c-adb1-208f9e7ab007,G12,12,3,512,c,001011101111,1,0.001953125,54.77972393900001
a0ee7567-39f4-4816-a0eb-227624bdce85,34962464-f590-463c-adb1-208f9e7ab007,G12,12,3,512,c,001011110001,1,0.001953125,26.84375571
a0ee7567-39f4-4816-a0eb-227624bdce85,34962464-f590-463c-adb1-208f9e7ab007,G12,12,3,512,c,001011110011,1,0.001953125,59.878009985000006
a0ee7567-39f4-4816-a0eb-227624bdce85,34962464-f590-463c-adb1-208f9e7ab007,G12,12,3,512,c,001011110100,1,0.001953125,38.70064768900001
a0ee7567-39f4-4816-a0eb-227624bdce85,34962464-f590-463c-adb1-208f9e7ab007,G12,12,3,512,c,001011110110,1,0.001953125,71.734901964
a0ee7567-39f4-4816-a0eb-227624bdce85,34962464-f590-463c-adb1-208f9e7ab007,G12,12,3,512,c,001100011101,1,0.001953125,20.798329541
a0ee7567-39f4-4816-a0eb-227624bdce85,34962464-f590-463c-adb1-208f9e7ab007,G12,12,3,512,c,001101001100,1,0.001953125,19.765786601
a0ee7567-39f4-4816-a0eb-227624bdce85,34962464-f590-463c-adb1-208f9e7ab007,G12,12,3,512,c,001101011000,1,0.001953125,40.621189438
a0ee7567-39f4-4816-a0eb-227624bdce85,34962464-f590-463c-adb1-208f9e7ab007,G12,12,3,512,c,001101011101,1,0.001953125,17.208632199
a0ee7567-39f4-4816-a0eb-227624bdce85,34962464-f590-463c-adb1-208f9e7ab007,G12,12,3,512,c,001110010001,1,0.001953125,28.81090138
a0ee7567-39f4-4816-a0eb-227624bdce85,34962464-f590-463c-adb1-208f9e7ab007,G12,12,3,512,c,001110010111,1,0.001953125,70.46534664800001
a0ee7567-39f4-4816-a0eb-227624bdce85,34962464-f590-463c-adb1-208f9e7ab007,G12,12,3,512,c,001111000101,1,0.001953125,34.520941615
a0ee7567-39f4-4816-a0eb-227624bdce85,34962464-f590-463c-adb1-208f9e7ab007,G12,12,3,512,c,001111010000,1,0.001953125,28.457905024
a0ee7567-39f4-4816-a0eb-227624bdce85,34962464-f590-463c-adb1-208f9e7ab007,G12,12,3,512,c,001111110001,1,0.001953125,23.903765955
a0ee7567-39f4-4816-a0eb-227624bdce85,34962464-f590-463c-adb1-208f9e7ab007,G12,12,3,512,c,010000000011,1,0.001953125,15.059457390999999
a0ee7567-39f4-4816-a0eb-227624bdce85,34962464-f590-463c-adb1-208f9e7ab007,G12,12,3,512,c,010000111110,1,0.001953125,19.597573702
a0ee7567-39f4-4816-a0eb-227624bdce85,34962464-f590-463c-adb1-208f9e7ab007,G12,12,3,512,c,010001011011,1,0.001953125,36.361601106
a0ee7567-39f4-4816-a0eb-227624bdce85,34962464-f590-463c-adb1-208f9e7ab007,G12,12,3,512,c,010001111111,1,0.001953125,26.423972029999998
a0ee7567-39f4-4816-a0eb-227624bdce85,34962464-f590-463c-adb1-208f9e7ab007,G12,12,3,512,c,010010010110,1,0.001953125,34.912898451000004
a0ee7567-39f4-4816-a0eb-227624bdce85,34962464-f590-463c-adb1-208f9e7ab007,G12,12,3,512,c,010010100010,1,0.001953125,16.734026865
a0ee7567-39f4-4816-a0eb-227624bdce85,34962464-f590-463c-adb1-208f9e7ab007,G12,12,3,512,c,010010100011,1,0.001953125,19.970727851
a0ee7567-39f4-4816-a0eb-227624bdce85,34962464-f590-463c-adb1-208f9e7ab007,G12,12,3,512,c,010010100110,1,0.001953125,36.909883117999996
a0ee7567-39f4-4816-a0eb-227624bdce85,34962464-f590-463c-adb1-208f9e7ab007,G12,12,3,512,c,010011000011,1,0.001953125,24.877863275999996
a0ee7567-39f4-4816-a0eb-227624bdce85,34962464-f590-463c-adb1-208f9e7ab007,G12,12,3,512,c,010011010011,1,0.001953125,24.198316691999995
a0ee7567-39f4-4816-a0eb-227624bdce85,34962464-f590-463c-adb1-208f9e7ab007,G12,12,3,512,c,010011010101,1,0.001953125,77.40842722000001
a0ee7567-39f4-4816-a0eb-227624bdce85,34962464-f590-463c-adb1-208f9e7ab007,G12,12,3,512,c,010011010111,1,0.001953125,44.374172945
a0ee7567-39f4-4816-a0eb-227624bdce85,34962464-f590-463c-adb1-208f9e7ab007,G12,12,3,512,c,010011110011,1,0.001953125,22.880878608999996
a0ee7567-39f4-4816-a0eb-227624bdce85,34962464-f590-463c-adb1-208f9e7ab007,G12,12,3,512,c,010100011000,1,0.001953125,66.808861982
a0ee7567-39f4-4816-a0eb-227624bdce85,34962464-f590-463c-adb1-208f9e7ab007,G12,12,3,512,c,010101011001,1,0.001953125,66.455865626
a0ee7567-39f4-4816-a0eb-227624bdce85,34962464-f590-463c-adb1-208f9e7ab007,G12,12,3,512,c,010110010001,1,0.001953125,57.882278554
a0ee7567-39f4-4816-a0eb-227624bdce85,34962464-f590-463c-adb1-208f9e7ab007,G12,12,3,512,c,010110010100,1,0.001953125,74.821433821
a0ee7567-39f4-4816-a0eb-227624bdce85,34962464-f590-463c-adb1-208f9e7ab007,G12,12,3,512,c,010110100100,1,0.001953125,76.81841848799999
a0ee7567-39f4-4816-a0eb-227624bdce85,34962464-f590-463c-adb1-208f9e7ab007,G12,12,3,512,c,010110110001,1,0.001953125,59.199716637
a0ee7567-39f4-4816-a0eb-227624bdce85,34962464-f590-463c-adb1-208f9e7ab007,G12,12,3,512,c,010110110100,1,0.001953125,76.138871904
a0ee7567-39f4-4816-a0eb-227624bdce85,34962464-f590-463c-adb1-208f9e7ab007,G12,12,3,512,c,010110110101,1,0.001953125,79.37557289
a0ee7567-39f4-4816-a0eb-227624bdce85,34962464-f590-463c-adb1-208f9e7ab007,G12,12,3,512,c,010110111001,1,0.001953125,73.59774026000001
a0ee7567-39f4-4816-a0eb-227624bdce85,34962464-f590-463c-adb1-208f9e7ab007,G12,12,3,512,c,010111010011,1,0.001953125,21.258326937
a0ee7567-39f4-4816-a0eb-227624bdce85,34962464-f590-463c-adb1-208f9e7ab007,G12,12,3,512,c,010111010101,1,0.001953125,74.46843746500001
a0ee7567-39f4-4816-a0eb-227624bdce85,34962464-f590-463c-adb1-208f9e7ab007,G12,12,3,512,c,010111010111,1,0.001953125,41.43418319
a0ee7567-39f4-4816-a0eb-227624bdce85,34962464-f590-463c-adb1-208f9e7ab007,G12,12,3,512,c,010111110000,1,0.001953125,49.738442143
a0ee7567-39f4-4816-a0eb-227624bdce85,34962464-f590-463c-adb1-208f9e7ab007,G12,12,3,512,c,010111110010,1,0.001953125,16.704187868
a0ee7567-39f4-4816-a0eb-227624bdce85,34962464-f590-463c-adb1-208f9e7ab007,G12,12,3,512,c,010111110101,1,0.001953125,73.150999382
a0ee7567-39f4-4816-a0eb-227624bdce85,34962464-f590-463c-adb1-208f9e7ab007,G12,12,3,512,c,011000011110,1,0.001953125,28.983505837
a0ee7567-39f4-4816-a0eb-227624bdce85,34962464-f590-463c-adb1-208f9e7ab007,G12,12,3,512,c,011000111011,1,0.001953125,47.240099187
a0ee7567-39f4-4816-a0eb-227624bdce85,34962464-f590-463c-adb1-208f9e7ab007,G12,12,3,512,c,011000111101,1,0.001953125,60.098497209
a0ee7567-39f4-4816-a0eb-227624bdce85,34962464-f590-463c-adb1-208f9e7ab007,G12,12,3,512,c,011000111110,1,0.001953125,30.300943919999998
a0ee7567-39f4-4816-a0eb-227624bdce85,34962464-f590-463c-adb1-208f9e7ab007,G12,12,3,512,c,011001111011,1,0.001953125,50.829796529
a0ee7567-39f4-4816-a0eb-227624bdce85,34962464-f590-463c-adb1-208f9e7ab007,G12,12,3,512,c,011001111110,1,0.001953125,33.890641262
a0ee7567-39f4-4816-a0eb-227624bdce85,34962464-f590-463c-adb1-208f9e7ab007,G12,12,3,512,c,011010000011,1,0.001953125,34.438923274000004
a0ee7567-39f4-4816-a0eb-227624bdce85,34962464-f590-463c-adb1-208f9e7ab007,G12,12,3,512,c,011010010001,1,0.001953125,66.793630965
a0ee7567-39f4-4816-a0eb-227624bdce85,34962464-f590-463c-adb1-208f9e7ab007,G12,12,3,512,c,011010010010,1,0.001953125,36.996077676000006
a0ee7567-39f4-4816-a0eb-227624bdce85,34962464-f590-463c-adb1-208f9e7ab007,G12,12,3,512,c,011010010011,1,0.001953125,33.75937669
a0ee7567-39f4-4816-a0eb-227624bdce85,34962464-f590-463c-adb1-208f9e7ab007,G12,12,3,512,c,011010010111,1,0.001953125,42.379567683000005
a0ee7567-39f4-4816-a0eb-227624bdce85,34962464-f590-463c-adb1-208f9e7ab007,G12,12,3,512,c,011010100011,1,0.001953125,35.756361357
a0ee7567-39f4-4816-a0eb-227624bdce85,34962464-f590-463c-adb1-208f9e7ab007,G12,12,3,512,c,011010110010,1,0.001953125,38.313515759000005
a0ee7567-39f4-4816-a0eb-227624bdce85,34962464-f590-463c-adb1-208f9e7ab007,G12,12,3,512,c,011010110110,1,0.001953125,46.933706752000006
a0ee7567-39f4-4816-a0eb-227624bdce85,34962464-f590-463c-adb1-208f9e7ab007,G12,12,3,512,c,011011000011,1,0.001953125,40.663496782
a0ee7567-39f4-4816-a0eb-227624bdce85,34962464-f590-463c-adb1-208f9e7ab007,G12,12,3,512,c,011011000111,1,0.001953125,49.283687775
a0ee7567-39f4-4816-a0eb-227624bdce85,34962464-f590-463c-adb1-208f9e7ab007,G12,12,3,512,c,011011010011,1,0.001953125,39.983950198
a0ee7567-39f4-4816-a0eb-227624bdce85,34962464-f590-463c-adb1-208f9e7ab007,G12,12,3,512,c,011011010110,1,0.001953125,51.840842177
a0ee7567-39f4-4816-a0eb-227624bdce85,34962464-f590-463c-adb1-208f9e7ab007,G12,12,3,512,c,011011010111,1,0.001953125,48.604141191
a0ee7567-39f4-4816-a0eb-227624bdce85,34962464-f590-463c-adb1-208f9e7ab007,G12,12,3,512,c,011011100010,1,0.001953125,42.582759685000006
a0ee7567-39f4-4816-a0eb-227624bdce85,34962464-f590-463c-adb1-208f9e7ab007,G12,12,3,512,c,011011100110,1,0.001953125,51.202950678
a0ee7567-39f4-4816-a0eb-227624bdce85,34962464-f590-463c-adb1-208f9e7ab007,G12,12,3,512,c,011011100111,1,0.001953125,47.966249692
a0ee7567-39f4-4816-a0eb-227624bdce85,34962464-f590-463c-adb1-208f9e7ab007,G12,12,3,512,c,011011101011,1,0.001953125,53.744082322000004
a0ee7567-39f4-4816-a0eb-227624bdce85,34962464-f590-463c-adb1-208f9e7ab007,G12,12,3,512,c,011011110000,1,0.001953125,74.93746737600001
a0ee7567-39f4-4816-a0eb-227624bdce85,34962464-f590-463c-adb1-208f9e7ab007,G12,12,3,512,c,011011110010,1,0.001953125,41.903213101000006
a0ee7567-39f4-4816-a0eb-227624bdce85,34962464-f590-463c-adb1-208f9e7ab007,G12,12,3,512,c,011011110011,1,0.001953125,38.666512115
a0ee7567-39f4-4816-a0eb-227624bdce85,34962464-f590-463c-adb1-208f9e7ab007,G12,12,3,512,c,011011110110,1,0.001953125,50.523404094
a0ee7567-39f4-4816-a0eb-227624bdce85,34962464-f590-463c-adb1-208f9e7ab007,G12,12,3,512,c,011011110111,1,0.001953125,47.286703108
a0ee7567-39f4-4816-a0eb-227624bdce85,34962464-f590-463c-adb1-208f9e7ab007,G12,12,3,512,c,011100011000,1,0.001953125,89.06789746000001
a0ee7567-39f4-4816-a0eb-227624bdce85,34962464-f590-463c-adb1-208f9e7ab007,G12,12,3,512,c,011100011100,1,0.001953125,68.892041207
a0ee7567-39f4-4816-a0eb-227624bdce85,34962464-f590-463c-adb1-208f9e7ab007,G12,12,3,512,c,011100011101,1,0.001953125,65.655340221
a0ee7567-39f4-4816-a0eb-227624bdce85,34962464-f590-463c-adb1-208f9e7ab007,G12,12,3,512,c,011100111101,1,0.001953125,66.972778304
a0ee7567-39f4-4816-a0eb-227624bdce85,34962464-f590-463c-adb1-208f9e7ab007,G12,12,3,512,c,011101010001,1,0.001953125,67.843475509
a0ee7567-39f4-4816-a0eb-227624bdce85,34962464-f590-463c-adb1-208f9e7ab007,G12,12,3,512,c,011101011100,1,0.001953125,65.302343865
a0ee7567-39f4-4816-a0eb-227624bdce85,34962464-f590-463c-adb1-208f9e7ab007,G12,12,3,512,c,011101111001,1,0.001953125,80.924061049
a0ee7567-39f4-4816-a0eb-227624bdce85,34962464-f590-463c-adb1-208f9e7ab007,G12,12,3,512,c,011110000000,1,0.001953125,77.58415963000002
a0ee7567-39f4-4816-a0eb-227624bdce85,34962464-f590-463c-adb1-208f9e7ab007,G12,12,3,512,c,011110010000,1,0.001953125,76.90461304600002
a0ee7567-39f4-4816-a0eb-227624bdce85,34962464-f590-463c-adb1-208f9e7ab007,G12,12,3,512,c,011110010010,1,0.001953125,43.87035877100001
a0ee7567-39f4-4816-a0eb-227624bdce85,34962464-f590-463c-adb1-208f9e7ab007,G12,12,3,512,c,011110110000,1,0.001953125,78.22205112900002
a0ee7567-39f4-4816-a0eb-227624bdce85,34962464-f590-463c-adb1-208f9e7ab007,G12,12,3,512,c,011111010100,1,0.001953125,81.93510669700001
a0ee7567-39f4-4816-a0eb-227624bdce85,34962464-f590-463c-adb1-208f9e7ab007,G12,12,3,512,c,011111100001,1,0.001953125,69.440323219
a0ee7567-39f4-4816-a0eb-227624bdce85,34962464-f590-463c-adb1-208f9e7ab007,G12,12,3,512,c,011111110000,1,0.001953125,71.99747762100002
a0ee7567-39f4-4816-a0eb-227624bdce85,34962464-f590-463c-adb1-208f9e7ab007,G12,12,3,512,c,011111110001,1,0.001953125,68.76077663500001
a0ee7567-39f4-4816-a0eb-227624bdce85,34962464-f590-463c-adb1-208f9e7ab007,G12,12,3,512,c,100000001011,1,0.001953125,80.61766861400001
a0ee7567-39f4-4816-a0eb-227624bdce85,34962464-f590-463c-adb1-208f9e7ab007,G12,12,3,512,c,100000101111,1,0.001953125,73.31491570400001
a0ee7567-39f4-4816-a0eb-227624bdce85,34962464-f590-463c-adb1-208f9e7ab007,G12,12,3,512,c,100000111011,1,0.001953125,82.614653281
a0ee7567-39f4-4816-a0eb-227624bdce85,34962464-f590-463c-adb1-208f9e7ab007,G12,12,3,512,c,100001001011,1,0.001953125,86.84224212200002
a0ee7567-39f4-4816-a0eb-227624bdce85,34962464-f590-463c-adb1-208f9e7ab007,G12,12,3,512,c,100001001111,1,0.001953125,78.22205112900002
a0ee7567-39f4-4816-a0eb-227624bdce85,34962464-f590-463c-adb1-208f9e7ab007,G12,12,3,512,c,100001100011,1,0.001953125,71.12678041600002
a0ee7567-39f4-4816-a0eb-227624bdce85,34962464-f590-463c-adb1-208f9e7ab007,G12,12,3,512,c,100010000011,1,0.001953125,63.984905782000006
a0ee7567-39f4-4816-a0eb-227624bdce85,34962464-f590-463c-adb1-208f9e7ab007,G12,12,3,512,c,100010000111,1,0.001953125,84.160762035
a0ee7567-39f4-4816-a0eb-227624bdce85,34962464-f590-463c-adb1-208f9e7ab007,G12,12,3,512,c,100010100010,1,0.001953125,62.065642879
a0ee7567-39f4-4816-a0eb-227624bdce85,34962464-f590-463c-adb1-208f9e7ab007,G12,12,3,512,c,100010100110,1,0.001953125,82.241499132
a0ee7567-39f4-4816-a0eb-227624bdce85,34962464-f590-463c-adb1-208f9e7ab007,G12,12,3,512,c,100011000010,1,0.001953125,66.972778304
a0ee7567-39f4-4816-a0eb-227624bdce85,34962464-f590-463c-adb1-208f9e7ab007,G12,12,3,512,c,100100001101,1,0.001953125,41.903213101000006
a0ee7567-39f4-4816-a0eb-227624bdce85,34962464-f590-463c-adb1-208f9e7ab007,G12,12,3,512,c,100100011001,1,0.001953125,51.202950678
a0ee7567-39f4-4816-a0eb-227624bdce85,34962464-f590-463c-adb1-208f9e7ab007,G12,12,3,512,c,100100011100,1,0.001953125,39.346058699000004
a0ee7567-39f4-4816-a0eb-227624bdce85,34962464-f590-463c-adb1-208f9e7ab007,G12,12,3,512,c,100100101001,1,0.001953125,51.840842177
a0ee7567-39f4-4816-a0eb-227624bdce85,34962464-f590-463c-adb1-208f9e7ab007,G12,12,3,512,c,100100101010,1,0.001953125,81.638395466
a0ee7567-39f4-4816-a0eb-227624bdce85,34962464-f590-463c-adb1-208f9e7ab007,G12,12,3,512,c,100100111001,1,0.001953125,52.520388761
a0ee7567-39f4-4816-a0eb-227624bdce85,34962464-f590-463c-adb1-208f9e7ab007,G12,12,3,512,c,100100111101,1,0.001953125,43.900197768000005
a0ee7567-39f4-4816-a0eb-227624bdce85,34962464-f590-463c-adb1-208f9e7ab007,G12,12,3,512,c,100101001011,1,0.001953125,79.967961027
a0ee7567-39f4-4816-a0eb-227624bdce85,34962464-f590-463c-adb1-208f9e7ab007,G12,12,3,512,c,100101011101,1,0.001953125,38.993062343000005
a0ee7567-39f4-4816-a0eb-227624bdce85,34962464-f590-463c-adb1-208f9e7ab007,G12,12,3,512,c,100101101000,1,0.001953125,42.379567683000005
a0ee7567-39f4-4816-a0eb-227624bdce85,34962464-f590-463c-adb1-208f9e7ab007,G12,12,3,512,c,100101111001,1,0.001953125,46.295815253
a0ee7567-39f4-4816-a0eb-227624bdce85,34962464-f590-463c-adb1-208f9e7ab007,G12,12,3,512,c,100110000010,1,0.001953125,63.688194551
a0ee7567-39f4-4816-a0eb-227624bdce85,34962464-f590-463c-adb1-208f9e7ab007,G12,12,3,512,c,100110100100,1,0.001953125,52.147234612
a0ee7567-39f4-4816-a0eb-227624bdce85,34962464-f590-463c-adb1-208f9e7ab007,G12,12,3,512,c,100111000001,1,0.001953125,30.300943919999998
a0ee7567-39f4-4816-a0eb-227624bdce85,34962464-f590-463c-adb1-208f9e7ab007,G12,12,3,512,c,100111100000,1,0.001953125,25.746804851
a0ee7567-39f4-4816-a0eb-227624bdce85,34962464-f590-463c-adb1-208f9e7ab007,G12,12,3,512,c,100111100101,1,0.001953125,49.15936209
a0ee7567-39f4-4816-a0eb-227624bdce85,34962464-f590-463c-adb1-208f9e7ab007,G12,12,3,512,c,101000000011,1,0.001953125,55.516274773
a0ee7567-39f4-4816-a0eb-227624bdce85,34962464-f590-463c-adb1-208f9e7ab007,G12,12,3,512,c,101000001010,1,0.001953125,73.150999382
a0ee7567-39f4-4816-a0eb-227624bdce85,34962464-f590-463c-adb1-208f9e7ab007,G12,12,3,512,c,101000111110,1,0.001953125,54.972127796
a0ee7567-39f4-4816-a0eb-227624bdce85,34962464-f590-463c-adb1-208f9e7ab007,G12,12,3,512,c,101001001011,1,0.001953125,76.138871904
a0ee7567-39f4-4816-a0eb-227624bdce85,34962464-f590-463c-adb1-208f9e7ab007,G12,12,3,512,c,101001001111,1,0.001953125,55.963015651
a0ee7567-39f4-4816-a0eb-227624bdce85,34962464-f590-463c-adb1-208f9e7ab007,G12,12,3,512,c,101001101011,1,0.001953125,74.821433821
a0ee7567-39f4-4816-a0eb-227624bdce85,34962464-f590-463c-adb1-208f9e7ab007,G12,12,3,512,c,101010000000,1,0.001953125,23.483982275
a0ee7567-39f4-4816-a0eb-227624bdce85,34962464-f590-463c-adb1-208f9e7ab007,G12,12,3,512,c,101010100010,1,0.001953125,57.835674633000004
a0ee7567-39f4-4816-a0eb-227624bdce85,34962464-f590-463c-adb1-208f9e7ab007,G12,12,3,512,c,101011000010,1,0.001953125,62.742810058
a0ee7567-39f4-4816-a0eb-227624bdce85,34962464-f590-463c-adb1-208f9e7ab007,G12,12,3,512,c,101011100010,1,0.001953125,61.425371975000004
a0ee7567-39f4-4816-a0eb-227624bdce85,34962464-f590-463c-adb1-208f9e7ab007,G12,12,3,512,c,101100001000,1,0.001953125,43.056734862
a0ee7567-39f4-4816-a0eb-227624bdce85,34962464-f590-463c-adb1-208f9e7ab007,G12,12,3,512,c,101100101000,1,0.001953125,44.374172945
a0ee7567-39f4-4816-a0eb-227624bdce85,34962464-f590-463c-adb1-208f9e7ab007,G12,12,3,512,c,101100101001,1,0.001953125,41.137471958999996
a0ee7567-39f4-4816-a0eb-227624bdce85,34962464-f590-463c-adb1-208f9e7ab007,G12,12,3,512,c,101100101101,1,0.001953125,20.961615705999996
a0ee7567-39f4-4816-a0eb-227624bdce85,34962464-f590-463c-adb1-208f9e7ab007,G12,12,3,512,c,101100111101,1,0.001953125,21.641162289999997
a0ee7567-39f4-4816-a0eb-227624bdce85,34962464-f590-463c-adb1-208f9e7ab007,G12,12,3,512,c,101101001010,1,0.001953125,72.501291795
a0ee7567-39f4-4816-a0eb-227624bdce85,34962464-f590-463c-adb1-208f9e7ab007,G12,12,3,512,c,101101011100,1,0.001953125,19.970727851
a0ee7567-39f4-4816-a0eb-227624bdce85,34962464-f590-463c-adb1-208f9e7ab007,G12,12,3,512,c,101101101001,1,0.001953125,34.912898451000004
a0ee7567-39f4-4816-a0eb-227624bdce85,34962464-f590-463c-adb1-208f9e7ab007,G12,12,3,512,c,101101111000,1,0.001953125,38.829146021
a0ee7567-39f4-4816-a0eb-227624bdce85,34962464-f590-463c-adb1-208f9e7ab007,G12,12,3,512,c,101101111100,1,0.001953125,18.653289768
a0ee7567-39f4-4816-a0eb-227624bdce85,34962464-f590-463c-adb1-208f9e7ab007,G12,12,3,512,c,101110000000,1,0.001953125,26.423972029999998
a0ee7567-39f4-4816-a0eb-227624bdce85,34962464-f590-463c-adb1-208f9e7ab007,G12,12,3,512,c,101110100000,1,0.001953125,27.741410112999997
a0ee7567-39f4-4816-a0eb-227624bdce85,34962464-f590-463c-adb1-208f9e7ab007,G12,12,3,512,c,101110100100,1,0.001953125,36.361601106
a0ee7567-39f4-4816-a0eb-227624bdce85,34962464-f590-463c-adb1-208f9e7ab007,G12,12,3,512,c,101111000000,1,0.001953125,22.834274687999997
a0ee7567-39f4-4816-a0eb-227624bdce85,34962464-f590-463c-adb1-208f9e7ab007,G12,12,3,512,c,101111000100,1,0.001953125,31.454465681
a0ee7567-39f4-4816-a0eb-227624bdce85,34962464-f590-463c-adb1-208f9e7ab007,G12,12,3,512,c,101111100100,1,0.001953125,30.137027598
a0ee7567-39f4-4816-a0eb-227624bdce85,34962464-f590-463c-adb1-208f9e7ab007,G12,12,3,512,c,101111100101,1,0.001953125,26.900326612
a0ee7567-39f4-4816-a0eb-227624bdce85,34962464-f590-463c-adb1-208f9e7ab007,G12,12,3,512,c,101111111101,1,0.001953125,11.822756405
a0ee7567-39f4-4816-a0eb-227624bdce85,34962464-f590-463c-adb1-208f9e7ab007,G12,12,3,512,c,110000011010,1,0.001953125,33.203503532
a0ee7567-39f4-4816-a0eb-227624bdce85,34962464-f590-463c-adb1-208f9e7ab007,G12,12,3,512,c,110000111011,1,0.001953125,37.757642601
a0ee7567-39f4-4816-a0eb-227624bdce85,34962464-f590-463c-adb1-208f9e7ab007,G12,12,3,512,c,110001000111,1,0.001953125,47.763064072000006
a0ee7567-39f4-4816-a0eb-227624bdce85,34962464-f590-463c-adb1-208f9e7ab007,G12,12,3,512,c,110001001010,1,0.001953125,38.748530456
a0ee7567-39f4-4816-a0eb-227624bdce85,34962464-f590-463c-adb1-208f9e7ab007,G12,12,3,512,c,110001001110,1,0.001953125,30.128339463
a0ee7567-39f4-4816-a0eb-227624bdce85,34962464-f590-463c-adb1-208f9e7ab007,G12,12,3,512,c,110001001111,1,0.001953125,33.365040449
a0ee7567-39f4-4816-a0eb-227624bdce85,34962464-f590-463c-adb1-208f9e7ab007,G12,12,3,512,c,110001101111,1,0.001953125,32.047602366
a0ee7567-39f4-4816-a0eb-227624bdce85,34962464-f590-463c-adb1-208f9e7ab007,G12,12,3,512,c,110010000011,1,0.001953125,19.127895102
a0ee7567-39f4-4816-a0eb-227624bdce85,34962464-f590-463c-adb1-208f9e7ab007,G12,12,3,512,c,110010100010,1,0.001953125,17.208632199
a0ee7567-39f4-4816-a0eb-227624bdce85,34962464-f590-463c-adb1-208f9e7ab007,G12,12,3,512,c,110011001010,1,0.001953125,36.513791247
a0ee7567-39f4-4816-a0eb-227624bdce85,34962464-f590-463c-adb1-208f9e7ab007,G12,12,3,512,c,110011010010,1,0.001953125,21.43622104
a0ee7567-39f4-4816-a0eb-227624bdce85,34962464-f590-463c-adb1-208f9e7ab007,G12,12,3,512,c,110011100011,1,0.001953125,24.035030527
a0ee7567-39f4-4816-a0eb-227624bdce85,34962464-f590-463c-adb1-208f9e7ab007,G12,12,3,512,c,110100001000,1,0.001953125,68.498200978
a0ee7567-39f4-4816-a0eb-227624bdce85,34962464-f590-463c-adb1-208f9e7ab007,G12,12,3,512,c,110100001001,1,0.001953125,71.734901964
a0ee7567-39f4-4816-a0eb-227624bdce85,34962464-f590-463c-adb1-208f9e7ab007,G12,12,3,512,c,110100001100,1,0.001953125,59.878009985000006
a0ee7567-39f4-4816-a0eb-227624bdce85,34962464-f590-463c-adb1-208f9e7ab007,G12,12,3,512,c,110100001101,1,0.001953125,63.11471097100001
a0ee7567-39f4-4816-a0eb-227624bdce85,34962464-f590-463c-adb1-208f9e7ab007,G12,12,3,512,c,110100011000,1,0.001953125,69.17774756200001
a0ee7567-39f4-4816-a0eb-227624bdce85,34962464-f590-463c-adb1-208f9e7ab007,G12,12,3,512,c,110100011101,1,0.001953125,63.79425755500001
a0ee7567-39f4-4816-a0eb-227624bdce85,34962464-f590-463c-adb1-208f9e7ab007,G12,12,3,512,c,110101001100,1,0.001953125,56.288312643000005
a0ee7567-39f4-4816-a0eb-227624bdce85,34962464-f590-463c-adb1-208f9e7ab007,G12,12,3,512,c,110101001110,1,0.001953125,23.254058368
a0ee7567-39f4-4816-a0eb-227624bdce85,34962464-f590-463c-adb1-208f9e7ab007,G12,12,3,512,c,110101011000,1,0.001953125,65.58805022000001
a0ee7567-39f4-4816-a0eb-227624bdce85,34962464-f590-463c-adb1-208f9e7ab007,G12,12,3,512,c,110101011100,1,0.001953125,56.967859227000005
a0ee7567-39f4-4816-a0eb-227624bdce85,34962464-f590-463c-adb1-208f9e7ab007,G12,12,3,512,c,110101101001,1,0.001953125,66.82776653900001
a0ee7567-39f4-4816-a0eb-227624bdce85,34962464-f590-463c-adb1-208f9e7ab007,G12,12,3,512,c,110101101010,1,0.001953125,30.556811278
a0ee7567-39f4-4816-a0eb-227624bdce85,34962464-f590-463c-adb1-208f9e7ab007,G12,12,3,512,c,110101101011,1,0.001953125,33.793512264
a0ee7567-39f4-4816-a0eb-227624bdce85,34962464-f590-463c-adb1-208f9e7ab007,G12,12,3,512,c,110101101101,1,0.001953125,58.20757554600001
a0ee7567-39f4-4816-a0eb-227624bdce85,34962464-f590-463c-adb1-208f9e7ab007,G12,12,3,512,c,110101101110,1,0.001953125,21.936620285
a0ee7567-39f4-4816-a0eb-227624bdce85,34962464-f590-463c-adb1-208f9e7ab007,G12,12,3,512,c,110110100000,1,0.001953125,53.182876229
a0ee7567-39f4-4816-a0eb-227624bdce85,34962464-f590-463c-adb1-208f9e7ab007,G12,12,3,512,c,110110100110,1,0.001953125,40.324478207
a0ee7567-39f4-4816-a0eb-227624bdce85,34962464-f590-463c-adb1-208f9e7ab007,G12,12,3,512,c,110111000110,1,0.001953125,35.417342782
a0ee7567-39f4-4816-a0eb-227624bdce85,34962464-f590-463c-adb1-208f9e7ab007,G12,12,3,512,c,111000001011,1,0.001953125,25.057287716
a0ee7567-39f4-4816-a0eb-227624bdce85,34962464-f590-463c-adb1-208f9e7ab007,G12,12,3,512,c,111000001111,1,0.001953125,4.881431463
a0ee7567-39f4-4816-a0eb-227624bdce85,34962464-f590-463c-adb1-208f9e7ab007,G12,12,3,512,c,111000101010,1,0.001953125,29.611426785000003
a0ee7567-39f4-4816-a0eb-227624bdce85,34962464-f590-463c-adb1-208f9e7ab007,G12,12,3,512,c,111000111000,1,0.001953125,63.325227644
a0ee7567-39f4-4816-a0eb-227624bdce85,34962464-f590-463c-adb1-208f9e7ab007,G12,12,3,512,c,111001001011,1,0.001953125,31.281861224
a0ee7567-39f4-4816-a0eb-227624bdce85,34962464-f590-463c-adb1-208f9e7ab007,G12,12,3,512,c,111001001111,1,0.001953125,11.106004971
a0ee7567-39f4-4816-a0eb-227624bdce85,34962464-f590-463c-adb1-208f9e7ab007,G12,12,3,512,c,111001101011,1,0.001953125,29.964423141
a0ee7567-39f4-4816-a0eb-227624bdce85,34962464-f590-463c-adb1-208f9e7ab007,G12,12,3,512,c,111001101101,1,0.001953125,42.822821163
a0ee7567-39f4-4816-a0eb-227624bdce85,34962464-f590-463c-adb1-208f9e7ab007,G12,12,3,512,c,111001101111,1,0.001953125,9.788566888
a0ee7567-39f4-4816-a0eb-227624bdce85,34962464-f590-463c-adb1-208f9e7ab007,G12,12,3,512,c,111010100010,1,0.001953125,12.978663953000002
a0ee7567-39f4-4816-a0eb-227624bdce85,34962464-f590-463c-adb1-208f9e7ab007,G12,12,3,512,c,111010100111,1,0.001953125,18.36215396
a0ee7567-39f4-4816-a0eb-227624bdce85,34962464-f590-463c-adb1-208f9e7ab007,G12,12,3,512,c,111011100010,1,0.001953125,16.568361295
a0ee7567-39f4-4816-a0eb-227624bdce85,34962464-f590-463c-adb1-208f9e7ab007,G12,12,3,512,c,111011100011,1,0.001953125,13.331660309
a0ee7567-39f4-4816-a0eb-227624bdce85,34962464-f590-463c-adb1-208f9e7ab007,G12,12,3,512,c,111100011001,1,0.001953125,61.71107833
a0ee7567-39f4-4816-a0eb-227624bdce85,34962464-f590-463c-adb1-208f9e7ab007,G12,12,3,512,c,111100101000,1,0.001953125,65.585670815
a0ee7567-39f4-4816-a0eb-227624bdce85,34962464-f590-463c-adb1-208f9e7ab007,G12,12,3,512,c,111100101100,1,0.001953125,45.409814562
a0ee7567-39f4-4816-a0eb-227624bdce85,34962464-f590-463c-adb1-208f9e7ab007,G12,12,3,512,c,111100101101,1,0.001953125,42.173113576
a0ee7567-39f4-4816-a0eb-227624bdce85,34962464-f590-463c-adb1-208f9e7ab007,G12,12,3,512,c,111101001100,1,0.001953125,40.502679137
a0ee7567-39f4-4816-a0eb-227624bdce85,34962464-f590-463c-adb1-208f9e7ab007,G12,12,3,512,c,111101011001,1,0.001953125,58.121380988
a0ee7567-39f4-4816-a0eb-227624bdce85,34962464-f590-463c-adb1-208f9e7ab007,G12,12,3,512,c,111101101000,1,0.001953125,59.361097307
a0ee7567-39f4-4816-a0eb-227624bdce85,34962464-f590-463c-adb1-208f9e7ab007,G12,12,3,512,c,111110100000,1,0.001953125,48.952907983
a0ee7567-39f4-4816-a0eb-227624bdce85,34962464-f590-463c-adb1-208f9e7ab007,G12,12,3,512,c,111110100001,1,0.001953125,45.716206997
a0ee7567-39f4-4816-a0eb-227624bdce85,34962464-f590-463c-adb1-208f9e7ab007,G12,12,3,512,c,111110100100,1,0.001953125,57.573098976000004
a0ee7567-39f4-4816-a0eb-227624bdce85,34962464-f590-463c-adb1-208f9e7ab007,G12,12,3,512,c,111111000000,1,0.001953125,44.045772558
a0ee7567-39f4-4816-a0eb-227624bdce85,34962464-f590-463c-adb1-208f9e7ab007,G12,12,3,512,c,111111000100,1,0.001953125,52.665963551000004
