n,reinicio,seed,valor_corte,bitstring,movimientos,runtime_seconds
6,0,62026,38.301789578,100010,1,0.0005303750003804453
6,1,62027,38.301789578,011101,3,0.0006586660001630662
6,2,62028,38.301789578,011101,3,0.0005719349996979872
6,3,62029,38.301789578,100010,1,0.00034024400019916357
6,4,62030,38.301789578,011101,2,0.00037483300002350006
6,5,62031,38.301789578,100010,3,0.0005341450000742043
6,6,62032,38.301789578,100010,1,0.0003224929996576975
6,7,62033,38.301789578,100010,4,0.0006857769999442098
6,8,62034,38.301789578,011101,3,0.000949009000123624
6,9,62035,38.301789578,100010,3,0.0010284190002494142
6,10,62036,38.301789578,011101,2,0.0010053299997707654
6,11,62037,32.523956948000006,011110,1,0.0004415339999468415
6,12,62038,38.301789578,011101,1,0.0009150390001195774
6,13,62039,38.301789578,100010,2,0.0013602630001514626
6,14,62040,38.301789578,100010,1,0.0005173739996280347
6,15,62041,32.523956948000006,011110,1,0.00037631400027748896
6,16,62042,38.301789578,100010,2,0.0004255139997439983
6,17,62043,38.301789578,011101,2,0.00046551400009775534
6,18,62044,38.301789578,100010,1,0.0003044929999305168
6,19,62045,38.301789578,100010,1,0.00039880399981484516
6,20,62046,38.301789578,011101,1,0.00035011299996767775
6,21,62047,38.301789578,100010,3,0.0005678950001311023
6,22,62048,38.301789578,011101,2,0.0003970440002376563
6,23,62049,38.301789578,011101,1,0.000346523000189336
6,24,62050,38.301789578,011101,1,0.0002925129997493059
6,25,62051,38.301789578,100010,1,0.00028904300006615813
6,26,62052,38.301789578,100010,3,0.000727687000107835
6,27,62053,38.301789578,100010,4,0.000587094999900728
6,28,62054,38.301789578,100010,1,0.0003268430000389344
6,29,62055,38.301789578,011101,1,0.00029030299992882647
6,30,62056,38.301789578,100010,1,0.0007947070002956025
6,31,62057,38.301789578,100010,3,0.0006156659997031966
6,32,62058,38.301789578,011101,2,0.00045880400011810707
6,33,62059,38.301789578,100010,3,0.0004673550001825788
6,34,62060,38.301789578,100010,4,0.000617104999946605
6,35,62061,38.301789578,100010,3,0.0004667749999498483
6,36,62062,38.301789578,011101,1,0.0003805530000136059
6,37,62063,38.301789578,011101,2,0.0007426769998346572
6,38,62064,32.523956948000006,011110,1,0.0003083229998992465
6,39,62065,38.301789578,100010,2,0.0005334940001375799
6,40,62066,38.301789578,011101,3,0.0008442370003649557
6,41,62067,38.301789578,100010,2,0.0007074569998621882
6,42,62068,38.301789578,100010,2,0.0007614269998157397
6,43,62069,38.301789578,011101,1,0.0004540639997685503
6,44,62070,38.301789578,011101,1,0.000504075000208104
6,45,62071,38.301789578,011101,2,0.00039549399980387534
6,46,62072,38.301789578,100010,2,0.00044061400012651575
6,47,62073,38.301789578,011101,4,0.0007093659996826318
6,48,62074,38.301789578,100010,2,0.0004159139998591854
6,49,62075,38.301789578,100010,3,0.0005028249997849343
6,50,62076,38.301789578,011101,2,0.0005587350001405866
6,51,62077,38.301789578,011101,4,0.0007609870003761898
6,52,62078,38.301789578,100010,2,0.00056132500003514
6,53,62079,38.301789578,011101,4,0.0005698560003111197
6,54,62080,38.301789578,100010,2,0.0004976539999006491
6,55,62081,38.301789578,011101,1,0.0007111770000847173
6,56,62082,38.301789578,100010,3,0.0004882549997091701
6,57,62083,38.301789578,100010,3,0.0005822250000164786
6,58,62084,38.301789578,011101,3,0.0007558070001323358
6,59,62085,38.301789578,100010,1,0.0004892449996987125
6,60,62086,38.301789578,100010,1,0.00034613299976626877
6,61,62087,38.301789578,100010,1,0.00032620299998598057
6,62,62088,38.301789578,100010,1,0.0005995050000819901
6,63,62089,38.301789578,100010,2,0.0005196649999561487
6,64,62090,38.301789578,100010,1,0.0005745460002799518
6,65,62091,38.301789578,100010,1,0.00035028299998884904
6,66,62092,38.301789578,100010,2,0.00036294300025474513
6,67,62093,38.301789578,011101,3,0.00051717499991355
6,68,62094,38.301789578,100010,1,0.00029717300003540004
6,69,62095,38.301789578,100010,3,0.0005155250000825617
6,70,62096,38.301789578,100010,0,0.00021212199999354198
6,71,62097,38.301789578,011101,3,0.0005269439998301095
6,72,62098,38.301789578,100010,1,0.00027732299986382714
6,73,62099,38.301789578,100010,3,0.00047344399990834063
6,74,62100,32.523956948000006,100001,1,0.00031940300004862365
6,75,62101,38.301789578,011101,2,0.00039580400016347994
6,76,62102,38.301789578,011101,2,0.0005476149999594782
6,77,62103,38.301789578,100010,4,0.0011097410001639219
6,78,62104,38.301789578,011101,0,0.0004164040001342073
6,79,62105,32.523956948000006,100001,1,0.0002849719999176159
6,80,62106,38.301789578,011101,3,0.0006717669998579368
6,81,62107,38.301789578,011101,2,0.00037990299961165874
6,82,62108,38.301789578,100010,1,0.0005299549998198927
6,83,62109,38.301789578,011101,3,0.00045793500021318323
6,84,62110,38.301789578,100010,3,0.0008130770002026111
6,85,62111,38.301789578,100010,1,0.0007196169999588165
6,86,62112,38.301789578,100010,2,0.0005644950001624238
6,87,62113,38.301789578,100010,2,0.0013918539998485358
6,88,62114,38.301789578,100010,2,0.0007419269995807554
6,89,62115,32.523956948000006,100001,0,0.0005401749999691674
6,90,62116,38.301789578,100010,2,0.0005725350001739571
6,91,62117,38.301789578,011101,3,0.000919249000162381
6,92,62118,38.301789578,100010,2,0.0007379670000773331
6,93,62119,38.301789578,011101,4,0.001260931000160781
6,94,62120,38.301789578,100010,0,0.000515714999892225
6,95,62121,38.301789578,011101,3,0.0007525569999415893
6,96,62122,32.523956948000006,011110,2,0.0003712739999173209
6,97,62123,38.301789578,011101,2,0.0003777029996854253
6,98,62124,38.301789578,100010,2,0.0005226749999565072
6,99,62125,38.301789578,100010,4,0.0006366160000652599
8,0,82026,36.440204518,10000111,2,0.0004904339998574869
8,1,82027,36.440204518,10000111,4,0.0007284869998329668
8,2,82028,42.218037148,01110010,5,0.0010192800000368152
8,3,82029,42.218037148,01110010,2,0.0005290650001370523
8,4,82030,42.218037148,01110010,4,0.0008535880001545593
8,5,82031,42.218037148,01110010,2,0.0005217739999352489
8,6,82032,42.218037148,10001101,3,0.0007513470000048983
8,7,82033,36.440204518,10000111,1,0.0004571949998535274
8,8,82034,42.218037148,01110010,3,0.0008630979996269161
8,9,82035,42.218037148,01110010,3,0.0006614660001105221
8,10,82036,36.440204518,10000111,3,0.0006623459998991166
8,11,82037,42.218037148,01110010,5,0.000952638999933697
8,12,82038,36.440204518,01111000,2,0.0005761050001638068
8,13,82039,42.218037148,10001101,3,0.0006599960001949512
8,14,82040,42.218037148,10001101,3,0.0006537260001096001
8,15,82041,36.440204518,01111000,2,0.0005120849996274046
8,16,82042,42.218037148,01110010,2,0.0005569149998336798
8,17,82043,42.218037148,01110010,3,0.0006473859998550324
8,18,82044,42.218037148,10001101,2,0.0005641859997922438
8,19,82045,42.218037148,10001101,2,0.0005896949996895273
8,20,82046,42.218037148,10001101,3,0.0006955870003366726
8,21,82047,42.218037148,01110010,3,0.0008033170001908729
8,22,82048,42.218037148,10001101,2,0.0005857460000697756
8,23,82049,36.440204518,10000111,2,0.0005623349998131744
8,24,82050,42.218037148,10001101,4,0.0008534480002708733
8,25,82051,36.440204518,10000111,3,0.0007204760004242416
8,26,82052,42.218037148,01110010,4,0.0007734380001238605
8,27,82053,42.218037148,01110010,3,0.000805717000275763
8,28,82054,42.218037148,01110010,4,0.0010041989999081125
8,29,82055,42.218037148,01110010,4,0.0011320610001348541
8,30,82056,42.218037148,01110010,3,0.0006966060000195284
8,31,82057,42.218037148,10001101,3,0.0006350359999487409
8,32,82058,36.440204518,10000111,2,0.00048702499998398707
8,33,82059,42.218037148,10001101,4,0.0008541679999325424
8,34,82060,42.218037148,10001101,5,0.006152997000299365
8,35,82061,42.218037148,10001101,3,0.0031904500001473934
8,36,82062,42.218037148,01110010,3,0.0018904670000665647
8,37,82063,42.218037148,10001101,3,0.004068718999860721
8,38,82064,42.218037148,01110010,2,0.0020011579999845708
8,39,82065,42.218037148,01110010,3,0.002687946000150987
8,40,82066,42.218037148,01110010,4,0.001757045999966067
8,41,82067,36.440204518,10000111,1,0.0010861700002351427
8,42,82068,42.218037148,10001101,1,0.0013554329998441972
8,43,82069,42.218037148,01110010,3,0.0031666889999542036
8,44,82070,36.440204518,10000111,3,0.0014965039999879082
8,45,82071,36.440204518,10000111,2,0.0006109060000198951
8,46,82072,42.218037148,01110010,4,0.0008806979999462783
8,47,82073,42.218037148,01110010,3,0.000965708999956405
8,48,82074,42.218037148,10001101,4,0.0008486280003126012
8,49,82075,42.218037148,01110010,2,0.0005330450003384613
8,50,82076,36.440204518,01111000,1,0.0005431449999377946
8,51,82077,42.218037148,01110010,3,0.0007217369998215872
8,52,82078,42.218037148,10001101,3,0.0006342659999063471
8,53,82079,42.218037148,10001101,5,0.0016255850000561622
8,54,82080,42.218037148,01110010,4,0.0013868819996787352
8,55,82081,42.218037148,01110010,1,0.0005941949998486962
8,56,82082,42.218037148,10001101,2,0.0006402560002243263
8,57,82083,42.218037148,01110010,5,0.0013413320002655382
8,58,82084,42.218037148,01110010,4,0.0020657700001720514
8,59,82085,42.218037148,01110010,3,0.0017598959998395003
8,60,82086,42.218037148,01110010,4,0.0009533089996693889
8,61,82087,42.218037148,01110010,2,0.0005637049998767907
8,62,82088,42.218037148,10001101,2,0.0005979459997433878
8,63,82089,42.218037148,01110010,4,0.0008293570003843342
8,64,82090,42.218037148,01110010,5,0.0010182500000155414
8,65,82091,42.218037148,01110010,3,0.0007685569999011932
8,66,82092,36.440204518,10000111,2,0.0006012359999658656
8,67,82093,42.218037148,10001101,4,0.0007804169999872101
8,68,82094,36.440204518,10000111,3,0.0007554170001640159
8,69,82095,42.218037148,10001101,4,0.0010629799999151146
8,70,82096,42.218037148,10001101,3,0.0007716869999967457
8,71,82097,42.218037148,10001101,2,0.0007085570000526786
8,72,82098,42.218037148,01110010,3,0.0008320880001519981
8,73,82099,42.218037148,01110010,3,0.0009540289997858054
8,74,82100,36.440204518,10000111,2,0.0005656550001731375
8,75,82101,42.218037148,10001101,4,0.0008220980002988654
8,76,82102,42.218037148,01110010,2,0.0005605649998869922
8,77,82103,42.218037148,10001101,4,0.0007647570000699488
8,78,82104,42.218037148,10001101,2,0.0007487469997613516
8,79,82105,36.440204518,10000111,4,0.0011138410000057775
8,80,82106,42.218037148,10001101,3,0.0008541080001123191
8,81,82107,42.218037148,10001101,3,0.0007123870000214083
8,82,82108,42.218037148,10001101,1,0.0003942230000575364
8,83,82109,42.218037148,01110010,4,0.0009725790000629786
8,84,82110,42.218037148,10001101,2,0.0007547469999735767
8,85,82111,42.218037148,10001101,4,0.0008941890000642161
8,86,82112,42.218037148,01110010,3,0.0006800759997531713
8,87,82113,42.218037148,10001101,4,0.0009375789995829109
8,88,82114,36.440204518,10000111,2,0.0005540849997487385
8,89,82115,42.218037148,10001101,2,0.0005785949997516582
8,90,82116,36.440204518,01111000,0,0.00026973300009558443
8,91,82117,42.218037148,01110010,2,0.0005537950000871206
8,92,82118,42.218037148,10001101,5,0.0010506799999348004
8,93,82119,42.218037148,01110010,4,0.0009521989995846525
8,94,82120,42.218037148,10001101,5,0.001277361000120436
8,95,82121,42.218037148,01110010,4,0.0009382190000906121
8,96,82122,42.218037148,10001101,3,0.001123390999964613
8,97,82123,42.218037148,10001101,3,0.0010336489999644982
8,98,82124,42.218037148,01110010,2,0.0006369360003191105
8,99,82125,42.218037148,01110010,3,0.0010482500001671724
10,0,102026,87.07504782800001,0111100010,4,0.0011203900003238232
10,1,102027,87.07504782800001,0111100010,6,0.0014707440000165661
10,2,102028,87.07504782800001,0111100010,4,0.0014351529998748447
10,3,102029,87.07504782800001,1000011101,3,0.0009668390002843807
10,4,102030,87.07504782800001,1000011101,5,0.0013616630003525643
10,5,102031,81.297215198,0111101000,4,0.001448363000235986
10,6,102032,69.474458793,1100000111,2,0.0009336489997622266
10,7,102033,81.297215198,0111101000,4,0.0014359430001604778
10,8,102034,87.07504782800001,0111100010,3,0.001192142000036256
10,9,102035,81.297215198,0111101000,3,0.0012472809999053425
10,10,102036,87.07504782800001,1000011101,4,0.002645765000124811
10,11,102037,81.297215198,1000010111,4,0.0013663720001204638
10,12,102038,87.07504782800001,0111100010,4,0.0015797350001776067
10,13,102039,81.297215198,1000010111,2,0.0007033370002318406
10,14,102040,81.297215198,1000010111,4,0.001233600999967166
10,15,102041,75.252291423,0011110010,4,0.0019198380000489124
10,16,102042,81.297215198,1000010111,6,0.0027258850000180246
10,17,102043,87.07504782800001,0111100010,3,0.0020887499999844295
10,18,102044,87.07504782800001,0111100010,4,0.0016787660001682525
10,19,102045,87.07504782800001,0111100010,2,0.0008450180002910201
10,20,102046,81.297215198,0111101000,4,0.0014322130000437028
10,21,102047,81.297215198,1000010111,4,0.0018290069997419778
10,22,102048,81.297215198,1000010111,2,0.0007813070001247979
10,23,102049,87.07504782800001,1000011101,2,0.0008166580000761314
10,24,102050,87.07504782800001,0111100010,4,0.002095208999890019
10,25,102051,87.07504782800001,1000011101,4,0.001807786999961536
10,26,102052,81.297215198,0111101000,3,0.0011895010002263007
10,27,102053,87.07504782800001,1000011101,3,0.0015075239998623147
10,28,102054,87.07504782800001,0111100010,4,0.0015186640002866625
10,29,102055,75.252291423,1100001101,3,0.0012344910001047538
10,30,102056,87.07504782800001,1000011101,2,0.0010066499999084044
10,31,102057,87.07504782800001,1000011101,3,0.001075849999779166
10,32,102058,87.07504782800001,0111100010,2,0.0006606760002796364
10,33,102059,81.297215198,0111101000,6,0.0016014950001590478
10,34,102060,81.297215198,1000010111,5,0.0020662290003201633
10,35,102061,81.297215198,1000010111,5,0.0027666360001603607
10,36,102062,87.07504782800001,1000011101,6,0.0017161760001727089
10,37,102063,87.07504782800001,1000011101,3,0.0009345379999103898
10,38,102064,81.297215198,1000010111,5,0.0013178829999560548
10,39,102065,87.07504782800001,0111100010,3,0.0008493870000165771
10,40,102066,87.07504782800001,0111100010,3,0.0008570170002712985
10,41,102067,81.297215198,0111101000,4,0.0013673429998561915
10,42,102068,81.297215198,0111101000,4,0.0011463910000202304
10,43,102069,87.07504782800001,1000011101,3,0.0016692250001142384
10,44,102070,87.07504782800001,1000011101,4,0.0017539469999974244
10,45,102071,87.07504782800001,1000011101,6,0.0025771440000426082
10,46,102072,81.297215198,1000010111,2,0.0011456110000835906
10,47,102073,69.474458793,1100000111,3,0.0008650179997857776
10,48,102074,87.07504782800001,0111100010,4,0.0011005200003637583
10,49,102075,81.297215198,1000010111,5,0.001593714999671647
10,50,102076,87.07504782800001,1000011101,3,0.0009388089997628413
10,51,102077,81.297215198,1000010111,4,0.000996469999790861
10,52,102078,81.297215198,0111101000,4,0.0019937980000577227
10,53,102079,81.297215198,0111101000,3,0.001393582999753562
10,54,102080,87.07504782800001,1000011101,3,0.0009480789999543049
10,55,102081,75.252291423,0011110010,2,0.0009416990001227532
10,56,102082,87.07504782800001,1000011101,4,0.0014190829997460241
10,57,102083,87.07504782800001,0111100010,3,0.001291951999974117
10,58,102084,75.252291423,0011110010,2,0.0006587759999092668
10,59,102085,81.297215198,0111101000,5,0.001268221999907837
10,60,102086,81.297215198,0111101000,5,0.0014360829995894164
10,61,102087,87.07504782800001,1000011101,4,0.0011143399997308734
10,62,102088,87.07504782800001,0111100010,5,0.001578464999965945
10,63,102089,87.07504782800001,0111100010,5,0.0016512749998582876
10,64,102090,87.07504782800001,0111100010,4,0.001106831000015518
10,65,102091,87.07504782800001,0111100010,4,0.0015576139999211591
10,66,102092,87.07504782800001,0111100010,4,0.0014122430002316833
10,67,102093,75.252291423,0011110010,3,0.0009858090002126119
10,68,102094,87.07504782800001,1000011101,1,0.0004543650002233335
10,69,102095,81.297215198,1000010111,4,0.002427301999887277
10,70,102096,87.07504782800001,0111100010,5,0.0013825729997734015
10,71,102097,75.252291423,1100001101,3,0.001353783000013209
10,72,102098,75.252291423,1100001101,2,0.0008216169999286649
10,73,102099,81.297215198,0111101000,4,0.0015660550002394302
10,74,102100,81.297215198,1000010111,3,0.001644254999973782
10,75,102101,81.297215198,0111101000,1,0.0005657560000145168
10,76,102102,87.07504782800001,1000011101,3,0.0008524780000698229
10,77,102103,81.297215198,1000010111,3,0.0007571870000901981
10,78,102104,87.07504782800001,1000011101,1,0.0008359080002264818
10,79,102105,87.07504782800001,0111100010,4,0.0020363690000522183
10,80,102106,81.297215198,0111101000,4,0.00331429100015157
10,81,102107,87.07504782800001,1000011101,3,0.001088399999844114
10,82,102108,81.297215198,0111101000,3,0.0012179919999653066
10,83,102109,87.07504782800001,1000011101,2,0.0007415869999931601
10,84,102110,87.07504782800001,1000011101,2,0.0006900959997437894
10,85,102111,87.07504782800001,0111100010,3,0.0008647680001558911
10,86,102112,81.297215198,1000010111,6,0.0015221240000755643
10,87,102113,81.297215198,0111101000,4,0.0017800870000428404
10,88,102114,87.07504782800001,1000011101,3,0.0013934530002188694
10,89,102115,87.07504782800001,1000011101,5,0.0018221069999526662
10,90,102116,87.07504782800001,1000011101,5,0.0018023459997493774
10,91,102117,81.297215198,1000010111,4,0.0011886309998772049
10,92,102118,81.297215198,1000010111,3,0.0013234929997452127
10,93,102119,87.07504782800001,1000011101,4,0.001491883000198868
10,94,102120,87.07504782800001,0111100010,5,0.0017177059999085031
10,95,102121,87.07504782800001,0111100010,5,0.001669096000114223
10,96,102122,81.297215198,1000010111,6,0.0022316810000120313
10,97,102123,81.297215198,1000010111,5,0.0016360449999410775
10,98,102124,75.252291423,0011110010,4,0.0024266620002890704
10,99,102125,81.297215198,1000010111,2,0.0009535489998597768
12,0,122026,85.55464303599999,100101001111,2,0.001050759999998263
12,1,122027,91.332475666,011010010010,3,0.0011920209999516374
12,2,122028,93.299621336,011110001010,5,0.0022809510001025046
12,3,122029,91.332475666,100101101101,1,0.000638876000266464
12,4,122030,87.521788706,100001010111,5,0.0016999059998852317
12,5,122031,93.299621336,011110001010,6,0.0022450809997280885
12,6,122032,93.299621336,100001110101,4,0.0014359030001287465
12,7,122033,87.521788706,011110101000,4,0.0017613069999242725
12,8,122034,81.476864931,001111001010,5,0.0025936339998224867
12,9,122035,85.55464303599999,011010110000,3,0.0015228639999804727
12,10,122036,93.299621336,100001110101,6,0.0027315259999340924
12,11,122037,93.299621336,100001110101,3,0.0023036819998196734
12,12,122038,87.521788706,011110101000,5,0.0018766270000014629
12,13,122039,87.521788706,011110101000,3,0.0013300630002959224
12,14,122040,93.299621336,011110001010,6,0.002443161999963195
12,15,122041,87.521788706,011110101000,4,0.0016292459999931452
12,16,122042,93.299621336,011110001010,5,0.0020358179999675485
12,17,122043,93.299621336,100001110101,3,0.0017002360000333283
12,18,122044,93.299621336,011110001010,3,0.0012179320001450833
12,19,122045,87.521788706,011110101000,3,0.0019815379996543925
12,20,122046,87.521788706,100001010111,6,0.002680675000192423
12,21,122047,93.299621336,100001110101,3,0.0014063529997656588
12,22,122048,87.521788706,100001010111,5,0.002218001000073855
12,23,122049,91.332475666,011010010010,5,0.002045308999640838
12,24,122050,87.521788706,100001010111,4,0.0019312370000079682
12,25,122051,93.299621336,100001110101,3,0.0011969219999627967
12,26,122052,93.299621336,011110001010,2,0.0008924180001486093
12,27,122053,91.332475666,100101101101,5,0.0017964670000765182
12,28,122054,93.299621336,100001110101,5,0.001951147999989189
12,29,122055,81.476864931,001111001010,5,0.0024280520001411787
12,30,122056,93.299621336,011110001010,4,0.0016113149999910092
12,31,122057,81.476864931,110000110101,4,0.0023291420002351515
12,32,122058,87.521788706,100001010111,6,0.0021124899999449553
12,33,122059,87.521788706,100001010111,3,0.0015112850001059996
12,34,122060,93.299621336,100001110101,5,0.0033859109998957138
12,35,122061,85.55464303599999,011010110000,3,0.0029102569997121464
12,36,122062,93.299621336,100001110101,5,0.0026593349998620397
12,37,122063,93.299621336,100001110101,5,0.002119220000167843
12,38,122064,87.521788706,100001010111,3,0.0011941610000576475
12,39,122065,87.521788706,100001010111,4,0.00202952900008313
12,40,122066,93.299621336,011110001010,5,0.002485452999735571
12,41,122067,87.521788706,011110101000,2,0.001396333000229788
12,42,122068,91.332475666,100101101101,3,0.0011991809997198288
12,43,122069,93.299621336,011110001010,4,0.002756644999863056
12,44,122070,91.332475666,100101101101,4,0.0024800030000733386
12,45,122071,93.299621336,100001110101,4,0.0021603210002467677
12,46,122072,87.521788706,011110101000,5,0.0022029799997653754
12,47,122073,93.299621336,011110001010,4,0.002269590999731008
12,48,122074,93.299621336,100001110101,4,0.0015656650002711103
12,49,122075,93.299621336,011110001010,2,0.0009041480002451863
12,50,122076,93.299621336,011110001010,4,0.002143400000022666
12,51,122077,93.299621336,100001110101,5,0.002718644999731623
12,52,122078,85.55464303599999,100101001111,4,0.001739295999868773
12,53,122079,93.299621336,011110001010,4,0.0018294570004400157
12,54,122080,91.332475666,011010010010,4,0.0016815459998724691
12,55,122081,87.521788706,011110101000,6,0.002826666999681038
12,56,122082,87.521788706,100001010111,3,0.0011523510002007242
12,57,122083,85.55464303599999,100101001111,3,0.0011610710002969427
12,58,122084,75.699032301,110000010111,3,0.001823927000259573
12,59,122085,93.299621336,011110001010,4,0.0020606490002137434
12,60,122086,91.332475666,011010010010,4,0.0020247690003998287
12,61,122087,91.332475666,100101101101,5,0.0020736289998239954
12,62,122088,93.299621336,100001110101,4,0.0032427400001324713
12,63,122089,93.299621336,011110001010,6,0.0024393029998464044
12,64,122090,87.521788706,011110101000,1,0.000650506000056339
12,65,122091,91.332475666,100101101101,4,0.0013410019996626943
12,66,122092,91.332475666,011010010010,6,0.001944627999819204
12,67,122093,93.299621336,100001110101,6,0.002353951999793935
12,68,122094,93.299621336,011110001010,4,0.0014605139999730454
12,69,122095,87.521788706,100001010111,3,0.001252690999990591
12,70,122096,93.299621336,100001110101,5,0.0020000280001113424
12,71,122097,87.521788706,100001010111,4,0.001452063999749953
12,72,122098,93.299621336,100001110101,5,0.0018330769999010954
12,73,122099,91.332475666,011010010010,5,0.001910826999846904
12,74,122100,93.299621336,011110001010,3,0.0014902640000400424
12,75,122101,93.299621336,100001110101,4,0.001348703000076057
12,76,122102,85.55464303599999,100101001111,6,0.004766484999890963
12,77,122103,85.55464303599999,011010110000,3,0.002159539999865956
12,78,122104,87.521788706,011110101000,3,0.0018368370001553558
12,79,122105,91.332475666,011010010010,2,0.001286381999761943
12,80,122106,93.299621336,011110001010,4,0.002360221999879286
12,81,122107,93.299621336,011110001010,3,0.0013769030001640203
12,82,122108,91.332475666,011010010010,3,0.0014168729999255447
12,83,122109,81.476864931,001111001010,3,0.0012388919999466452
12,84,122110,91.332475666,011010010010,4,0.004078928000126325
12,85,122111,93.299621336,011110001010,5,0.002158060000056139
12,86,122112,91.332475666,100101101101,3,0.0034252609998475236
12,87,122113,87.521788706,011110101000,3,0.0017341769998893142
12,88,122114,87.521788706,100001010111,6,0.0025400729996363225
12,89,122115,91.332475666,100101101101,4,0.001501014000041323
12,90,122116,93.299621336,011110001010,6,0.0025454739998167497
12,91,122117,93.299621336,100001110101,5,0.002583634000075108
12,92,122118,79.509719261,110100101101,4,0.0025511230001029617
12,93,122119,85.55464303599999,100101001111,3,0.0013997429996379651
12,94,122120,93.299621336,011110001010,4,0.0016528649998690526
12,95,122121,85.55464303599999,011010110000,4,0.0019264080001448747
12,96,122122,87.521788706,100001010111,5,0.003337942000143812
12,97,122123,85.55464303599999,011010110000,3,0.002444243000354618
12,98,122124,87.521788706,011110101000,4,0.001796145999833243
12,99,122125,91.332475666,100101101101,3,0.002093730000069627
