n,ejecucion,seed,pasos,mejor_valor,mejor_bitstring,valor_final,bitstring_final,movimientos_aceptados,movimientos_peores_aceptados,temperatura_inicial,temperatura_final,runtime_seconds
6,0,6002026,2000,38.301789578,100010,38.301789578,011101,264,131,20.175856253,0.020106256777750006,0.047521382000013546
6,1,6002027,2000,38.301789578,011101,38.301789578,011101,321,169,20.175856253,0.020106256777750006,0.05163331099993229
6,2,6002028,2000,38.301789578,011101,38.301789578,100010,324,158,20.175856253,0.020106256777750006,0.04528967099986403
6,3,6002029,2000,38.301789578,011101,38.301789578,011101,303,155,20.175856253,0.020106256777750006,0.056116321999979846
6,4,6002030,2000,38.301789578,100010,38.301789578,100010,321,159,20.175856253,0.020106256777750006,0.04774778399996649
6,5,6002031,2000,38.301789578,100010,38.301789578,011101,309,153,20.175856253,0.020106256777750006,0.05259674899980382
6,6,6002032,2000,38.301789578,100010,38.301789578,100010,310,155,20.175856253,0.020106256777750006,0.054308426000261534
6,7,6002033,2000,38.301789578,100010,38.301789578,100010,320,159,20.175856253,0.020106256777750006,0.04945601000008537
6,8,6002034,2000,38.301789578,011101,38.301789578,011101,316,156,20.175856253,0.020106256777750006,0.04636495200020363
6,9,6002035,2000,38.301789578,011101,32.523956948000006,100001,321,163,20.175856253,0.020106256777750006,0.055498765999800526
6,10,6002036,2000,38.301789578,011101,38.301789578,100010,328,161,20.175856253,0.020106256777750006,0.04990130400028647
6,11,6002037,2000,38.301789578,011101,38.301789578,100010,340,171,20.175856253,0.020106256777750006,0.048465040999872144
6,12,6002038,2000,38.301789578,011101,38.301789578,011101,303,151,20.175856253,0.020106256777750006,0.047952796000117814
6,13,6002039,2000,38.301789578,011101,38.301789578,011101,280,137,20.175856253,0.020106256777750006,0.04918759800011685
6,14,6002040,2000,38.301789578,100010,38.301789578,011101,317,158,20.175856253,0.020106256777750006,0.04645894299983411
6,15,6002041,2000,38.301789578,100010,38.301789578,011101,309,153,20.175856253,0.020106256777750006,0.05712823100020614
6,16,6002042,2000,38.301789578,011101,38.301789578,100010,340,170,20.175856253,0.020106256777750006,0.05063438099978157
6,17,6002043,2000,38.301789578,011101,38.301789578,100010,327,159,20.175856253,0.020106256777750006,0.04876984399970752
6,18,6002044,2000,38.301789578,100010,38.301789578,011101,315,160,20.175856253,0.020106256777750006,0.05058978999977626
6,19,6002045,2000,38.301789578,100010,38.301789578,011101,320,158,20.175856253,0.020106256777750006,0.04821437900000092
6,20,6002046,2000,38.301789578,011101,32.523956948000006,011110,306,152,20.175856253,0.020106256777750006,0.045375582999895414
6,21,6002047,2000,38.301789578,100010,38.301789578,100010,336,165,20.175856253,0.020106256777750006,0.04666506300009132
6,22,6002048,2000,38.301789578,011101,38.301789578,100010,322,165,20.175856253,0.020106256777750006,0.056025142000180495
6,23,6002049,2000,38.301789578,011101,38.301789578,100010,300,146,20.175856253,0.020106256777750006,0.04454335499985973
6,24,6002050,2000,38.301789578,011101,38.301789578,100010,334,168,20.175856253,0.020106256777750006,0.045612943999913114
6,25,6002051,2000,38.301789578,011101,38.301789578,011101,303,153,20.175856253,0.020106256777750006,0.048948524999559595
6,26,6002052,2000,38.301789578,011101,38.301789578,011101,321,157,20.175856253,0.020106256777750006,0.045734796000033384
6,27,6002053,2000,38.301789578,100010,32.523956948000006,100001,330,160,20.175856253,0.020106256777750006,0.054546067000046605
6,28,6002054,2000,38.301789578,100010,32.523956948000006,011110,302,151,20.175856253,0.020106256777750006,0.058636765999835916
6,29,6002055,2000,38.301789578,100010,32.523956948000006,011110,323,165,20.175856253,0.020106256777750006,0.05598947099997531
6,30,6002056,2000,38.301789578,011101,38.301789578,011101,305,156,20.175856253,0.020106256777750006,0.050992523999866535
6,31,6002057,2000,38.301789578,100010,38.301789578,100010,329,167,20.175856253,0.020106256777750006,0.04761494300009872
6,32,6002058,2000,38.301789578,100010,38.301789578,011101,304,144,20.175856253,0.020106256777750006,0.044986348999827896
6,33,6002059,2000,38.301789578,100010,38.301789578,100010,311,155,20.175856253,0.020106256777750006,0.046128619000228355
6,34,6002060,2000,38.301789578,100010,38.301789578,011101,321,160,20.175856253,0.020106256777750006,0.049318149000100675
6,35,6002061,2000,38.301789578,011101,38.301789578,011101,330,163,20.175856253,0.020106256777750006,0.0448639070000354
6,36,6002062,2000,38.301789578,100010,38.301789578,100010,332,157,20.175856253,0.020106256777750006,0.05465460000004896
6,37,6002063,2000,38.301789578,100010,38.301789578,011101,313,155,20.175856253,0.020106256777750006,0.05596267999999327
6,38,6002064,2000,38.301789578,100010,38.301789578,100010,344,173,20.175856253,0.020106256777750006,0.05445461699991938
6,39,6002065,2000,38.301789578,100010,38.301789578,100010,304,150,20.175856253,0.020106256777750006,0.04960609099998692
6,40,6002066,2000,38.301789578,011101,38.301789578,100010,336,168,20.175856253,0.020106256777750006,0.04793966600027488
6,41,6002067,2000,38.301789578,100010,38.301789578,011101,329,164,20.175856253,0.020106256777750006,0.04851109200035353
6,42,6002068,2000,38.301789578,100010,38.301789578,100010,321,156,20.175856253,0.020106256777750006,0.04593425700022635
6,43,6002069,2000,38.301789578,011101,38.301789578,100010,313,154,20.175856253,0.020106256777750006,0.04877847499983545
6,44,6002070,2000,38.301789578,011101,38.301789578,011101,293,146,20.175856253,0.020106256777750006,0.04699277700001403
6,45,6002071,2000,38.301789578,011101,38.301789578,011101,306,149,20.175856253,0.020106256777750006,0.055770528000266495
6,46,6002072,2000,38.301789578,011101,38.301789578,011101,313,161,20.175856253,0.020106256777750006,0.05398492199992688
6,47,6002073,2000,38.301789578,011101,38.301789578,100010,316,165,20.175856253,0.020106256777750006,0.04658249399972192
6,48,6002074,2000,38.301789578,100010,38.301789578,011101,320,158,20.175856253,0.020106256777750006,0.047795764000056806
6,49,6002075,2000,38.301789578,011101,38.301789578,011101,335,169,20.175856253,0.020106256777750006,0.048215269000138505
6,50,6002076,2000,38.301789578,011101,38.301789578,011101,308,153,20.175856253,0.020106256777750006,0.047947266999926796
6,51,6002077,2000,38.301789578,011101,38.301789578,100010,312,162,20.175856253,0.020106256777750006,0.043918828000187204
6,52,6002078,2000,38.301789578,100010,38.301789578,100010,337,167,20.175856253,0.020106256777750006,0.04494650900005581
6,53,6002079,2000,38.301789578,100010,38.301789578,011101,327,162,20.175856253,0.020106256777750006,0.052771261000089
6,54,6002080,2000,38.301789578,011101,38.301789578,011101,319,163,20.175856253,0.020106256777750006,0.05248486799973762
6,55,6002081,2000,38.301789578,011101,38.301789578,100010,324,161,20.175856253,0.020106256777750006,0.04943314000001919
6,56,6002082,2000,38.301789578,100010,38.301789578,011101,340,169,20.175856253,0.020106256777750006,0.05252555799961556
6,57,6002083,2000,38.301789578,011101,38.301789578,011101,329,162,20.175856253,0.020106256777750006,0.046864906000337214
6,58,6002084,2000,38.301789578,100010,38.301789578,100010,341,168,20.175856253,0.020106256777750006,0.053629299000022
6,59,6002085,2000,38.301789578,011101,38.301789578,100010,307,152,20.175856253,0.020106256777750006,0.06106306899982883
6,60,6002086,2000,38.301789578,100010,38.301789578,011101,305,150,20.175856253,0.020106256777750006,0.05111137499989127
6,61,6002087,2000,38.301789578,100010,38.301789578,011101,296,152,20.175856253,0.020106256777750006,0.04835188000015478
6,62,6002088,2000,38.301789578,100010,38.301789578,011101,310,152,20.175856253,0.020106256777750006,0.048011635999955615
6,63,6002089,2000,38.301789578,011101,38.301789578,100010,297,149,20.175856253,0.020106256777750006,0.04980669399992621
6,64,6002090,2000,38.301789578,011101,38.301789578,100010,313,155,20.175856253,0.020106256777750006,0.04780636499981483
6,65,6002091,2000,38.301789578,011101,38.301789578,011101,305,153,20.175856253,0.020106256777750006,0.04732179099983114
6,66,6002092,2000,38.301789578,011101,38.301789578,011101,307,157,20.175856253,0.020106256777750006,0.053938122000090516
6,67,6002093,2000,38.301789578,011101,38.301789578,100010,320,154,20.175856253,0.020106256777750006,0.04767553300007421
6,68,6002094,2000,38.301789578,100010,38.301789578,100010,293,141,20.175856253,0.020106256777750006,0.05367130900003758
6,69,6002095,2000,38.301789578,100010,38.301789578,011101,283,135,20.175856253,0.020106256777750006,0.054003172000193445
6,70,6002096,2000,38.301789578,011101,38.301789578,100010,329,165,20.175856253,0.020106256777750006,0.05569591000039509
6,71,6002097,2000,38.301789578,100010,38.301789578,100010,320,159,20.175856253,0.020106256777750006,0.055203583000093204
6,72,6002098,2000,38.301789578,100010,38.301789578,011101,310,150,20.175856253,0.020106256777750006,0.04932291900013297
6,73,6002099,2000,38.301789578,100010,38.301789578,011101,323,160,20.175856253,0.020106256777750006,0.05065015099989978
6,74,6002100,2000,38.301789578,011101,38.301789578,011101,299,149,20.175856253,0.020106256777750006,0.051663449999978184
6,75,6002101,2000,38.301789578,100010,38.301789578,100010,323,165,20.175856253,0.020106256777750006,0.05539539599976706
6,76,6002102,2000,38.301789578,011101,38.301789578,100010,312,148,20.175856253,0.020106256777750006,0.05522017399971446
6,77,6002103,2000,38.301789578,100010,38.301789578,011101,305,151,20.175856253,0.020106256777750006,0.05212984499985396
6,78,6002104,2000,38.301789578,100010,38.301789578,100010,318,158,20.175856253,0.020106256777750006,0.04942625000012413
6,79,6002105,2000,38.301789578,011101,38.301789578,100010,265,131,20.175856253,0.020106256777750006,0.05041204799999832
6,80,6002106,2000,38.301789578,100010,38.301789578,011101,289,147,20.175856253,0.020106256777750006,0.05246697799975664
6,81,6002107,2000,38.301789578,100010,38.301789578,100010,298,144,20.175856253,0.020106256777750006,0.05011602700005824
6,82,6002108,2000,38.301789578,100010,38.301789578,011101,321,165,20.175856253,0.020106256777750006,0.06270690300016213
6,83,6002109,2000,38.301789578,011101,38.301789578,011101,340,169,20.175856253,0.020106256777750006,0.05287874199984799
6,84,6002110,2000,38.301789578,100010,38.301789578,100010,308,153,20.175856253,0.020106256777750006,0.05294084199977078
6,85,6002111,2000,38.301789578,100010,38.301789578,100010,293,144,20.175856253,0.020106256777750006,0.043155330999979924
6,86,6002112,2000,38.301789578,100010,38.301789578,100010,339,171,20.175856253,0.020106256777750006,0.06644820800011075
6,87,6002113,2000,38.301789578,011101,38.301789578,100010,311,152,20.175856253,0.020106256777750006,0.047733683999922505
6,88,6002114,2000,38.301789578,100010,38.301789578,100010,316,156,20.175856253,0.020106256777750006,0.049227238000185025
6,89,6002115,2000,38.301789578,100010,38.301789578,011101,306,155,20.175856253,0.020106256777750006,0.057140332000017224
6,90,6002116,2000,38.301789578,100010,38.301789578,100010,330,161,20.175856253,0.020106256777750006,0.04664281400027903
6,91,6002117,2000,38.301789578,011101,38.301789578,011101,330,164,20.175856253,0.020106256777750006,0.05053250999981174
6,92,6002118,2000,38.301789578,011101,32.523956948000006,100001,312,157,20.175856253,0.020106256777750006,0.05082521299982545
6,93,6002119,2000,38.301789578,011101,38.301789578,011101,331,164,20.175856253,0.020106256777750006,0.05211278500019034
6,94,6002120,2000,38.301789578,100010,32.523956948000006,011110,331,169,20.175856253,0.020106256777750006,0.05269133999991027
6,95,6002121,2000,38.301789578,011101,38.301789578,011101,288,140,20.175856253,0.020106256777750006,0.048187138000230334
6,96,6002122,2000,38.301789578,011101,38.301789578,011101,322,161,20.175856253,0.020106256777750006,0.061770174999765004
6,97,6002123,2000,38.301789578,011101,38.301789578,011101,323,156,20.175856253,0.020106256777750006,0.04468638500020461
6,98,6002124,2000,38.301789578,100010,38.301789578,100010,312,153,20.175856253,0.020106256777750006,0.04266679700003806
6,99,6002125,2000,38.301789578,100010,38.301789578,011101,323,165,20.175856253,0.020106256777750006,0.05038265900020633
8,0,8002026,2000,42.218037148,10001101,42.218037148,01110010,451,220,22.259035477999998,0.02218224978080766,0.06395020499985549
8,1,8002027,2000,42.218037148,01110010,42.218037148,10001101,467,227,22.259035477999998,0.02218224978080766,0.06338120999998864
8,2,8002028,2000,42.218037148,10001101,42.218037148,10001101,476,239,22.259035477999998,0.02218224978080766,0.05609761100004107
8,3,8002029,2000,42.218037148,01110010,42.218037148,10001101,436,216,22.259035477999998,0.02218224978080766,0.052854842000215285
8,4,8002030,2000,42.218037148,01110010,42.218037148,10001101,430,215,22.259035477999998,0.02218224978080766,0.06989591100000325
8,5,8002031,2000,42.218037148,10001101,42.218037148,10001101,406,200,22.259035477999998,0.02218224978080766,0.07557343300004504
8,6,8002032,2000,42.218037148,01110010,36.440204518,10000111,440,213,22.259035477999998,0.02218224978080766,0.047488002000136476
8,7,8002033,2000,42.218037148,10001101,42.218037148,10001101,434,214,22.259035477999998,0.02218224978080766,0.05411328300033347
8,8,8002034,2000,42.218037148,01110010,42.218037148,01110010,442,216,22.259035477999998,0.02218224978080766,0.056323364000036236
8,9,8002035,2000,42.218037148,10001101,42.218037148,01110010,438,220,22.259035477999998,0.02218224978080766,0.05055299000014202
8,10,8002036,2000,42.218037148,01110010,42.218037148,10001101,432,215,22.259035477999998,0.02218224978080766,0.06144853299974784
8,11,8002037,2000,42.218037148,01110010,42.218037148,10001101,450,229,22.259035477999998,0.02218224978080766,0.04431849200000215
8,12,8002038,2000,42.218037148,01110010,42.218037148,10001101,427,216,22.259035477999998,0.02218224978080766,0.04967322199991031
8,13,8002039,2000,42.218037148,10001101,42.218037148,10001101,432,211,22.259035477999998,0.02218224978080766,0.057808357999874715
8,14,8002040,2000,42.218037148,01110010,42.218037148,01110010,455,229,22.259035477999998,0.02218224978080766,0.06491160399991713
8,15,8002041,2000,42.218037148,10001101,36.440204518,10000111,429,216,22.259035477999998,0.02218224978080766,0.052013804000125674
8,16,8002042,2000,42.218037148,01110010,42.218037148,01110010,468,229,22.259035477999998,0.02218224978080766,0.07089967899992189
8,17,8002043,2000,42.218037148,10001101,42.218037148,01110010,447,218,22.259035477999998,0.02218224978080766,0.0682174749999831
8,18,8002044,2000,42.218037148,01110010,42.218037148,01110010,424,210,22.259035477999998,0.02218224978080766,0.057893358999990596
8,19,8002045,2000,42.218037148,10001101,42.218037148,10001101,463,237,22.259035477999998,0.02218224978080766,0.05983926699991571
8,20,8002046,2000,42.218037148,01110010,42.218037148,01110010,407,201,22.259035477999998,0.02218224978080766,0.05608317199994417
8,21,8002047,2000,42.218037148,10001101,42.218037148,01110010,439,222,22.259035477999998,0.02218224978080766,0.05528167399961603
8,22,8002048,2000,42.218037148,10001101,42.218037148,10001101,457,221,22.259035477999998,0.02218224978080766,0.05466920799972286
8,23,8002049,2000,42.218037148,10001101,42.218037148,01110010,430,212,22.259035477999998,0.02218224978080766,0.059691665999707766
8,24,8002050,2000,42.218037148,01110010,42.218037148,10001101,435,209,22.259035477999998,0.02218224978080766,0.04980043400018985
8,25,8002051,2000,42.218037148,01110010,42.218037148,10001101,482,241,22.259035477999998,0.02218224978080766,0.061257529000158684
8,26,8002052,2000,42.218037148,01110010,42.218037148,10001101,441,218,22.259035477999998,0.02218224978080766,0.06052901400016708
8,27,8002053,2000,42.218037148,10001101,42.218037148,10001101,482,235,22.259035477999998,0.02218224978080766,0.07536601200035875
8,28,8002054,2000,42.218037148,01110010,42.218037148,01110010,450,217,22.259035477999998,0.02218224978080766,0.050532230000044365
8,29,8002055,2000,42.218037148,01110010,36.440204518,01111000,484,235,22.259035477999998,0.02218224978080766,0.0613956700003655
8,30,8002056,2000,42.218037148,10001101,42.218037148,01110010,442,222,22.259035477999998,0.02218224978080766,0.049023055999896314
8,31,8002057,2000,42.218037148,10001101,42.218037148,01110010,428,205,22.259035477999998,0.02218224978080766,0.05480811100005667
8,32,8002058,2000,42.218037148,10001101,42.218037148,01110010,420,206,22.259035477999998,0.02218224978080766,0.04980480299991541
8,33,8002059,2000,42.218037148,01110010,42.218037148,01110010,451,215,22.259035477999998,0.02218224978080766,0.04824900899984641
8,34,8002060,2000,42.218037148,01110010,42.218037148,01110010,452,229,22.259035477999998,0.02218224978080766,0.05001479600014136
8,35,8002061,2000,42.218037148,01110010,42.218037148,01110010,470,233,22.259035477999998,0.02218224978080766,0.08006826500013631
8,36,8002062,2000,42.218037148,10001101,42.218037148,01110010,460,223,22.259035477999998,0.02218224978080766,0.05103067400023065
8,37,8002063,2000,42.218037148,10001101,42.218037148,10001101,458,226,22.259035477999998,0.02218224978080766,0.058016479999878356
8,38,8002064,2000,42.218037148,01110010,42.218037148,10001101,455,227,22.259035477999998,0.02218224978080766,0.055782798000109324
8,39,8002065,2000,42.218037148,10001101,36.440204518,10000111,455,228,22.259035477999998,0.02218224978080766,0.0563875759999064
8,40,8002066,2000,42.218037148,10001101,42.218037148,10001101,427,212,22.259035477999998,0.02218224978080766,0.05385567099983746
8,41,8002067,2000,42.218037148,01110010,42.218037148,10001101,449,218,22.259035477999998,0.02218224978080766,0.053319156000270596
8,42,8002068,2000,42.218037148,10001101,42.218037148,01110010,414,194,22.259035477999998,0.02218224978080766,0.06076913499964576
8,43,8002069,2000,42.218037148,10001101,42.218037148,01110010,448,223,22.259035477999998,0.02218224978080766,0.0590353799998411
8,44,8002070,2000,42.218037148,01110010,42.218037148,01110010,424,214,22.259035477999998,0.02218224978080766,0.051451737999741454
8,45,8002071,2000,42.218037148,10001101,42.218037148,01110010,425,209,22.259035477999998,0.02218224978080766,0.05139259800034779
8,46,8002072,2000,42.218037148,10001101,42.218037148,10001101,443,220,22.259035477999998,0.02218224978080766,0.06363040299993372
8,47,8002073,2000,42.218037148,10001101,42.218037148,01110010,447,221,22.259035477999998,0.02218224978080766,0.06735199600007036
8,48,8002074,2000,42.218037148,10001101,42.218037148,10001101,475,239,22.259035477999998,0.02218224978080766,0.05801530000007915
8,49,8002075,2000,42.218037148,01110010,42.218037148,01110010,446,218,22.259035477999998,0.02218224978080766,0.05512877299997854
8,50,8002076,2000,42.218037148,10001101,42.218037148,10001101,443,223,22.259035477999998,0.02218224978080766,0.06479840300016804
8,51,8002077,2000,42.218037148,10001101,42.218037148,10001101,429,220,22.259035477999998,0.02218224978080766,0.05195143299988558
8,52,8002078,2000,42.218037148,10001101,42.218037148,01110010,447,222,22.259035477999998,0.02218224978080766,0.05074221299992132
8,53,8002079,2000,42.218037148,10001101,42.218037148,10001101,426,209,22.259035477999998,0.02218224978080766,0.05356963799977166
8,54,8002080,2000,42.218037148,01110010,42.218037148,10001101,453,231,22.259035477999998,0.02218224978080766,0.05140524800026469
8,55,8002081,2000,42.218037148,10001101,42.218037148,01110010,426,216,22.259035477999998,0.02218224978080766,0.050938224000219634
8,56,8002082,2000,42.218037148,10001101,42.218037148,01110010,436,223,22.259035477999998,0.02218224978080766,0.05928746100016724
8,57,8002083,2000,42.218037148,01110010,36.440204518,10000111,445,229,22.259035477999998,0.02218224978080766,0.06715014600013092
8,58,8002084,2000,42.218037148,10001101,42.218037148,01110010,429,214,22.259035477999998,0.02218224978080766,0.05839692300014576
8,59,8002085,2000,42.218037148,10001101,42.218037148,01110010,439,220,22.259035477999998,0.02218224978080766,0.0648698240001977
8,60,8002086,2000,42.218037148,01110010,42.218037148,10001101,440,219,22.259035477999998,0.02218224978080766,0.06160986299983051
8,61,8002087,2000,42.218037148,10001101,42.218037148,01110010,480,244,22.259035477999998,0.02218224978080766,0.05901391899988084
8,62,8002088,2000,42.218037148,01110010,42.218037148,10001101,439,219,22.259035477999998,0.02218224978080766,0.05257161999998061
8,63,8002089,2000,42.218037148,01110010,42.218037148,01110010,454,227,22.259035477999998,0.02218224978080766,0.05654219500002
8,64,8002090,2000,42.218037148,01110010,36.440204518,01111000,428,217,22.259035477999998,0.02218224978080766,0.048453360999701545
8,65,8002091,2000,42.218037148,01110010,42.218037148,10001101,419,204,22.259035477999998,0.02218224978080766,0.058048580000104266
8,66,8002092,2000,42.218037148,01110010,42.218037148,10001101,440,219,22.259035477999998,0.02218224978080766,0.05447735799998554
8,67,8002093,2000,42.218037148,10001101,42.218037148,01110010,445,224,22.259035477999998,0.02218224978080766,0.057233712000197556
8,68,8002094,2000,42.218037148,10001101,42.218037148,10001101,440,216,22.259035477999998,0.02218224978080766,0.05110193500013338
8,69,8002095,2000,42.218037148,01110010,42.218037148,01110010,436,215,22.259035477999998,0.02218224978080766,0.05665065799985314
8,70,8002096,2000,42.218037148,10001101,42.218037148,10001101,437,223,22.259035477999998,0.02218224978080766,0.05352298800016797
8,71,8002097,2000,42.218037148,10001101,42.218037148,10001101,447,221,22.259035477999998,0.02218224978080766,0.058875206999800866
8,72,8002098,2000,42.218037148,10001101,42.218037148,01110010,469,226,22.259035477999998,0.02218224978080766,0.05413379400033591
8,73,8002099,2000,42.218037148,01110010,42.218037148,01110010,431,213,22.259035477999998,0.02218224978080766,0.05789302900029725
8,74,8002100,2000,42.218037148,10001101,42.218037148,10001101,477,246,22.259035477999998,0.02218224978080766,0.06021560999988651
8,75,8002101,2000,42.218037148,01110010,42.218037148,10001101,443,220,22.259035477999998,0.02218224978080766,0.05595443000038358
8,76,8002102,2000,42.218037148,10001101,42.218037148,01110010,430,201,22.259035477999998,0.02218224978080766,0.0560046410000723
8,77,8002103,2000,42.218037148,10001101,42.218037148,01110010,436,214,22.259035477999998,0.02218224978080766,0.06518270700007633
8,78,8002104,2000,42.218037148,10001101,42.218037148,10001101,417,213,22.259035477999998,0.02218224978080766,0.055723108000165666
8,79,8002105,2000,42.218037148,10001101,42.218037148,01110010,462,226,22.259035477999998,0.02218224978080766,0.06608949599967673
8,80,8002106,2000,42.218037148,01110010,42.218037148,10001101,455,227,22.259035477999998,0.02218224978080766,0.059133700000074896
8,81,8002107,2000,42.218037148,10001101,42.218037148,01110010,441,219,22.259035477999998,0.02218224978080766,0.05336487600015971
8,82,8002108,2000,42.218037148,01110010,42.218037148,01110010,449,224,22.259035477999998,0.02218224978080766,0.0565394870000091
8,83,8002109,2000,42.218037148,01110010,42.218037148,10001101,449,230,22.259035477999998,0.02218224978080766,0.05269417000044996
8,84,8002110,2000,42.218037148,10001101,42.218037148,10001101,430,211,22.259035477999998,0.02218224978080766,0.060031788000287634
8,85,8002111,2000,42.218037148,01110010,42.218037148,01110010,432,208,22.259035477999998,0.02218224978080766,0.0532842160000655
8,86,8002112,2000,42.218037148,01110010,42.218037148,01110010,440,212,22.259035477999998,0.02218224978080766,0.05096162400013782
8,87,8002113,2000,42.218037148,10001101,42.218037148,01110010,474,237,22.259035477999998,0.02218224978080766,0.05613246300026731
8,88,8002114,2000,42.218037148,10001101,42.218037148,10001101,458,224,22.259035477999998,0.02218224978080766,0.05467390800004068
8,89,8002115,2000,42.218037148,01110010,42.218037148,10001101,480,237,22.259035477999998,0.02218224978080766,0.052160724999794184
8,90,8002116,2000,42.218037148,01110010,42.218037148,01110010,436,215,22.259035477999998,0.02218224978080766,0.05619036400003097
8,91,8002117,2000,42.218037148,10001101,36.440204518,01111000,480,233,22.259035477999998,0.02218224978080766,0.05488585000011881
8,92,8002118,2000,42.218037148,10001101,42.218037148,10001101,417,214,22.259035477999998,0.02218224978080766,0.05228233700017881
8,93,8002119,2000,42.218037148,10001101,42.218037148,10001101,439,216,22.259035477999998,0.02218224978080766,0.049557011000160855
8,94,8002120,2000,42.218037148,10001101,42.218037148,01110010,445,218,22.259035477999998,0.02218224978080766,0.06097166700010348
8,95,8002121,2000,42.218037148,10001101,42.218037148,01110010,445,225,22.259035477999998,0.02218224978080766,0.05421739499979594
8,96,8002122,2000,42.218037148,01110010,42.218037148,01110010,449,223,22.259035477999998,0.02218224978080766,0.05435169499969561
8,97,8002123,2000,42.218037148,10001101,36.440204518,10000111,467,226,22.259035477999998,0.02218224978080766,0.05360535899990282
8,98,8002124,2000,42.218037148,01110010,42.218037148,01110010,466,244,22.259035477999998,0.02218224978080766,0.05544194599997354
8,99,8002125,2000,42.218037148,10001101,42.218037148,01110010,450,232,22.259035477999998,0.02218224978080766,0.05769472699967082
10,0,10002026,2000,87.07504782800001,1000011101,87.07504782800001,0111100010,520,259,44.85701068,0.04470227006500631,0.06654706900008023
10,1,10002027,2000,87.07504782800001,1000011101,81.297215198,1000010111,495,244,44.85701068,0.04470227006500631,0.06743254799994247
10,2,10002028,2000,87.07504782800001,0111100010,81.297215198,1000010111,539,273,44.85701068,0.04470227006500631,0.06460626999978558
10,3,10002029,2000,87.07504782800001,1000011101,87.07504782800001,0111100010,520,266,44.85701068,0.04470227006500631,0.0649041749998105
10,4,10002030,2000,87.07504782800001,0111100010,87.07504782800001,0111100010,542,268,44.85701068,0.04470227006500631,0.06010879899986321
10,5,10002031,2000,87.07504782800001,1000011101,87.07504782800001,1000011101,551,278,44.85701068,0.04470227006500631,0.06983372000013333
10,6,10002032,2000,87.07504782800001,0111100010,81.297215198,1000010111,508,258,44.85701068,0.04470227006500631,0.059292751000157295
10,7,10002033,2000,87.07504782800001,1000011101,81.297215198,1000010111,503,246,44.85701068,0.04470227006500631,0.05980281600022863
10,8,10002034,2000,87.07504782800001,0111100010,87.07504782800001,1000011101,549,274,44.85701068,0.04470227006500631,0.059065530999760085
10,9,10002035,2000,87.07504782800001,1000011101,81.297215198,1000010111,550,275,44.85701068,0.04470227006500631,0.056816347999756545
10,10,10002036,2000,87.07504782800001,1000011101,81.297215198,1000010111,550,272,44.85701068,0.04470227006500631,0.07347736399970017
10,11,10002037,2000,87.07504782800001,1000011101,87.07504782800001,0111100010,556,280,44.85701068,0.04470227006500631,0.07357904399987092
10,12,10002038,2000,87.07504782800001,1000011101,81.297215198,0111101000,522,265,44.85701068,0.04470227006500631,0.06269330399982209
10,13,10002039,2000,87.07504782800001,1000011101,87.07504782800001,0111100010,550,268,44.85701068,0.04470227006500631,0.06694654300008551
10,14,10002040,2000,87.07504782800001,0111100010,87.07504782800001,0111100010,529,272,44.85701068,0.04470227006500631,0.06210823800029175
10,15,10002041,2000,87.07504782800001,0111100010,87.07504782800001,1000011101,558,275,44.85701068,0.04470227006500631,0.0755793119997179
10,16,10002042,2000,87.07504782800001,0111100010,87.07504782800001,0111100010,518,255,44.85701068,0.04470227006500631,0.07224558300003991
10,17,10002043,2000,87.07504782800001,0111100010,87.07504782800001,0111100010,491,244,44.85701068,0.04470227006500631,0.0730627100001584
10,18,10002044,2000,87.07504782800001,1000011101,87.07504782800001,0111100010,520,258,44.85701068,0.04470227006500631,0.05554026600020734
10,19,10002045,2000,87.07504782800001,1000011101,87.07504782800001,0111100010,537,265,44.85701068,0.04470227006500631,0.06275131399979728
10,20,10002046,2000,87.07504782800001,1000011101,87.07504782800001,0111100010,527,265,44.85701068,0.04470227006500631,0.07134974400014471
10,21,10002047,2000,87.07504782800001,1000011101,87.07504782800001,0111100010,555,277,44.85701068,0.04470227006500631,0.07058912699994835
10,22,10002048,2000,87.07504782800001,0111100010,87.07504782800001,0111100010,532,266,44.85701068,0.04470227006500631,0.07490595699982805
10,23,10002049,2000,87.07504782800001,1000011101,87.07504782800001,1000011101,524,264,44.85701068,0.04470227006500631,0.056646196999736276
10,24,10002050,2000,87.07504782800001,1000011101,81.297215198,1000010111,530,267,44.85701068,0.04470227006500631,0.059601335000024847
10,25,10002051,2000,87.07504782800001,1000011101,87.07504782800001,1000011101,558,275,44.85701068,0.04470227006500631,0.06029893999993874
10,26,10002052,2000,87.07504782800001,1000011101,87.07504782800001,1000011101,533,271,44.85701068,0.04470227006500631,0.06403878499986604
10,27,10002053,2000,87.07504782800001,0111100010,87.07504782800001,0111100010,537,273,44.85701068,0.04470227006500631,0.0635308780001651
10,28,10002054,2000,87.07504782800001,0111100010,87.07504782800001,0111100010,568,282,44.85701068,0.04470227006500631,0.07187815499992212
10,29,10002055,2000,87.07504782800001,1000011101,75.252291423,0011110010,559,281,44.85701068,0.04470227006500631,0.0565380829998503
10,30,10002056,2000,87.07504782800001,1000011101,87.07504782800001,1000011101,522,258,44.85701068,0.04470227006500631,0.07824102399990807
10,31,10002057,2000,87.07504782800001,1000011101,87.07504782800001,0111100010,483,243,44.85701068,0.04470227006500631,0.07057733300007385
10,32,10002058,2000,87.07504782800001,1000011101,87.07504782800001,0111100010,526,264,44.85701068,0.04470227006500631,0.07783942000014576
10,33,10002059,2000,87.07504782800001,0111100010,87.07504782800001,0111100010,549,271,44.85701068,0.04470227006500631,0.0741621170000144
10,34,10002060,2000,87.07504782800001,1000011101,87.07504782800001,0111100010,552,280,44.85701068,0.04470227006500631,0.07274162299972886
10,35,10002061,2000,87.07504782800001,0111100010,87.07504782800001,0111100010,533,265,44.85701068,0.04470227006500631,0.0852786880000167
10,36,10002062,2000,87.07504782800001,1000011101,81.297215198,0111101000,547,278,44.85701068,0.04470227006500631,0.06323183499989682
10,37,10002063,2000,87.07504782800001,0111100010,81.297215198,1000010111,529,258,44.85701068,0.04470227006500631,0.06162866100021347
10,38,10002064,2000,87.07504782800001,0111100010,87.07504782800001,0111100010,505,251,44.85701068,0.04470227006500631,0.06133731699992495
10,39,10002065,2000,87.07504782800001,1000011101,87.07504782800001,1000011101,556,280,44.85701068,0.04470227006500631,0.0598701640001309
10,40,10002066,2000,87.07504782800001,0111100010,81.297215198,1000010111,530,257,44.85701068,0.04470227006500631,0.058432570999684685
10,41,10002067,2000,87.07504782800001,1000011101,87.07504782800001,0111100010,520,251,44.85701068,0.04470227006500631,0.07763839900007952
10,42,10002068,2000,87.07504782800001,0111100010,81.297215198,1000010111,582,279,44.85701068,0.04470227006500631,0.06844326300006287
10,43,10002069,2000,87.07504782800001,1000011101,87.07504782800001,0111100010,510,250,44.85701068,0.04470227006500631,0.08370794499978729
10,44,10002070,2000,87.07504782800001,0111100010,87.07504782800001,0111100010,526,253,44.85701068,0.04470227006500631,0.06633831300041493
10,45,10002071,2000,87.07504782800001,0111100010,87.07504782800001,0111100010,523,263,44.85701068,0.04470227006500631,0.0702295989999584
10,46,10002072,2000,87.07504782800001,0111100010,87.07504782800001,0111100010,524,260,44.85701068,0.04470227006500631,0.09090769200020077
10,47,10002073,2000,87.07504782800001,1000011101,81.297215198,1000010111,565,276,44.85701068,0.04470227006500631,0.06024105699998472
10,48,10002074,2000,87.07504782800001,0111100010,87.07504782800001,0111100010,541,269,44.85701068,0.04470227006500631,0.07098621699969954
10,49,10002075,2000,87.07504782800001,0111100010,81.297215198,1000010111,557,276,44.85701068,0.04470227006500631,0.06572086800042598
10,50,10002076,2000,87.07504782800001,1000011101,87.07504782800001,0111100010,546,276,44.85701068,0.04470227006500631,0.06960445400000026
10,51,10002077,2000,87.07504782800001,0111100010,87.07504782800001,0111100010,564,282,44.85701068,0.04470227006500631,0.06052402000022994
10,52,10002078,2000,87.07504782800001,0111100010,87.07504782800001,0111100010,479,238,44.85701068,0.04470227006500631,0.0635985979997713
10,53,10002079,2000,87.07504782800001,1000011101,87.07504782800001,0111100010,539,267,44.85701068,0.04470227006500631,0.06892320699989796
10,54,10002080,2000,87.07504782800001,0111100010,81.297215198,1000010111,566,294,44.85701068,0.04470227006500631,0.059114116999808175
10,55,10002081,2000,87.07504782800001,1000011101,87.07504782800001,0111100010,552,273,44.85701068,0.04470227006500631,0.07547543900000164
10,56,10002082,2000,87.07504782800001,0111100010,87.07504782800001,0111100010,527,264,44.85701068,0.04470227006500631,0.06374658999993699
10,57,10002083,2000,87.07504782800001,1000011101,87.07504782800001,0111100010,508,249,44.85701068,0.04470227006500631,0.07328278800014232
10,58,10002084,2000,87.07504782800001,1000011101,87.07504782800001,0111100010,538,265,44.85701068,0.04470227006500631,0.06818257100030678
10,59,10002085,2000,87.07504782800001,0111100010,81.297215198,1000010111,538,268,44.85701068,0.04470227006500631,0.06117573599976822
10,60,10002086,2000,87.07504782800001,1000011101,81.297215198,0111101000,545,265,44.85701068,0.04470227006500631,0.056624444000135554
10,61,10002087,2000,87.07504782800001,0111100010,87.07504782800001,0111100010,504,253,44.85701068,0.04470227006500631,0.06609144200001538
10,62,10002088,2000,87.07504782800001,0111100010,81.297215198,0111101000,516,251,44.85701068,0.04470227006500631,0.08195939699999144
10,63,10002089,2000,87.07504782800001,1000011101,87.07504782800001,0111100010,532,267,44.85701068,0.04470227006500631,0.0678451280000445
10,64,10002090,2000,87.07504782800001,1000011101,81.297215198,1000010111,547,271,44.85701068,0.04470227006500631,0.06066099100007705
10,65,10002091,2000,87.07504782800001,0111100010,81.297215198,0111101000,531,264,44.85701068,0.04470227006500631,0.06503665199988973
10,66,10002092,2000,87.07504782800001,0111100010,81.297215198,0111101000,510,253,44.85701068,0.04470227006500631,0.10373750099961399
10,67,10002093,2000,87.07504782800001,0111100010,87.07504782800001,0111100010,512,258,44.85701068,0.04470227006500631,0.08214647900013006
10,68,10002094,2000,87.07504782800001,0111100010,87.07504782800001,0111100010,556,267,44.85701068,0.04470227006500631,0.0750631149999208
10,69,10002095,2000,87.07504782800001,0111100010,87.07504782800001,0111100010,527,265,44.85701068,0.04470227006500631,0.07274636400006784
10,70,10002096,2000,87.07504782800001,1000011101,87.07504782800001,1000011101,514,256,44.85701068,0.04470227006500631,0.06129361700004665
10,71,10002097,2000,87.07504782800001,0111100010,87.07504782800001,0111100010,547,266,44.85701068,0.04470227006500631,0.061060694999923726
10,72,10002098,2000,87.07504782800001,0111100010,87.07504782800001,1000011101,534,264,44.85701068,0.04470227006500631,0.07130768000024545
10,73,10002099,2000,87.07504782800001,1000011101,81.297215198,0111101000,519,256,44.85701068,0.04470227006500631,0.059587580999959755
10,74,10002100,2000,87.07504782800001,0111100010,75.252291423,1100001101,480,238,44.85701068,0.04470227006500631,0.0716681429998971
10,75,10002101,2000,87.07504782800001,0111100010,87.07504782800001,1000011101,544,265,44.85701068,0.04470227006500631,0.0696517439996569
10,76,10002102,2000,87.07504782800001,0111100010,87.07504782800001,0111100010,525,269,44.85701068,0.04470227006500631,0.06797338899968963
10,77,10002103,2000,87.07504782800001,1000011101,87.07504782800001,1000011101,533,265,44.85701068,0.04470227006500631,0.061576339999646734
10,78,10002104,2000,87.07504782800001,1000011101,81.297215198,0111101000,551,274,44.85701068,0.04470227006500631,0.05919938799979718
10,79,10002105,2000,87.07504782800001,0111100010,87.07504782800001,1000011101,554,274,44.85701068,0.04470227006500631,0.0733044680000603
10,80,10002106,2000,87.07504782800001,1000011101,87.07504782800001,1000011101,547,279,44.85701068,0.04470227006500631,0.07613364500002717
10,81,10002107,2000,87.07504782800001,0111100010,87.07504782800001,0111100010,520,255,44.85701068,0.04470227006500631,0.08537255900000673
10,82,10002108,2000,87.07504782800001,1000011101,87.07504782800001,1000011101,552,272,44.85701068,0.04470227006500631,0.06692083999996612
10,83,10002109,2000,87.07504782800001,1000011101,87.07504782800001,1000011101,491,244,44.85701068,0.04470227006500631,0.06155579899996155
10,84,10002110,2000,87.07504782800001,1000011101,87.07504782800001,1000011101,507,251,44.85701068,0.04470227006500631,0.06901099900005647
10,85,10002111,2000,87.07504782800001,1000011101,87.07504782800001,1000011101,529,268,44.85701068,0.04470227006500631,0.06564268700003595
10,86,10002112,2000,87.07504782800001,0111100010,87.07504782800001,1000011101,537,272,44.85701068,0.04470227006500631,0.0562613010001769
10,87,10002113,2000,87.07504782800001,1000011101,87.07504782800001,1000011101,519,258,44.85701068,0.04470227006500631,0.05476986699977715
10,88,10002114,2000,87.07504782800001,0111100010,87.07504782800001,0111100010,537,260,44.85701068,0.04470227006500631,0.07057612300013716
10,89,10002115,2000,87.07504782800001,1000011101,87.07504782800001,1000011101,523,262,44.85701068,0.04470227006500631,0.06309574400029305
10,90,10002116,2000,87.07504782800001,1000011101,87.07504782800001,1000011101,542,275,44.85701068,0.04470227006500631,0.07052104300009887
10,91,10002117,2000,87.07504782800001,0111100010,81.297215198,0111101000,496,245,44.85701068,0.04470227006500631,0.060365057999661076
10,92,10002118,2000,87.07504782800001,1000011101,81.297215198,1000010111,539,258,44.85701068,0.04470227006500631,0.06141717799982871
10,93,10002119,2000,87.07504782800001,0111100010,81.297215198,1000010111,541,271,44.85701068,0.04470227006500631,0.0685464849998425
10,94,10002120,2000,87.07504782800001,1000011101,87.07504782800001,0111100010,517,264,44.85701068,0.04470227006500631,0.0632789149999553
10,95,10002121,2000,87.07504782800001,1000011101,87.07504782800001,1000011101,512,259,44.85701068,0.04470227006500631,0.06370084900026995
10,96,10002122,2000,87.07504782800001,0111100010,87.07504782800001,1000011101,539,268,44.85701068,0.04470227006500631,0.07309026600023572
10,97,10002123,2000,87.07504782800001,1000011101,81.297215198,1000010111,528,262,44.85701068,0.04470227006500631,0.06701785999985077
10,98,10002124,2000,87.07504782800001,0111100010,87.07504782800001,1000011101,569,286,44.85701068,0.04470227006500631,0.06211764399995445
10,99,10002125,2000,87.07504782800001,0111100010,87.07504782800001,0111100010,522,258,44.85701068,0.04470227006500631,0.0647087089996603
12,0,12002026,2000,93.299621336,100001110101,87.521788706,100001010111,571,278,44.85701068,0.04470227006500631,0.07376174299997729
12,1,12002027,2000,91.982183253,100001111101,87.521788706,100001010111,571,291,44.85701068,0.04470227006500631,0.06708812099986972
12,2,12002028,2000,93.299621336,011110001010,91.332475666,011010010010,533,263,44.85701068,0.04470227006500631,0.07128065000006245
12,3,12002029,2000,93.299621336,100001110101,93.299621336,100001110101,563,281,44.85701068,0.04470227006500631,0.06437680599992746
12,4,12002030,2000,93.299621336,011110001010,93.299621336,011110001010,571,281,44.85701068,0.04470227006500631,0.05907210600025792
12,5,12002031,2000,93.299621336,100001110101,91.332475666,100101101101,590,288,44.85701068,0.04470227006500631,0.06745617399974435
12,6,12002032,2000,93.299621336,011110001010,87.521788706,011110101000,543,268,44.85701068,0.04470227006500631,0.06658690699987346
12,7,12002033,2000,93.299621336,100001110101,93.299621336,100001110101,583,295,44.85701068,0.04470227006500631,0.06636560300012206
12,8,12002034,2000,93.299621336,100001110101,93.299621336,011110001010,543,268,44.85701068,0.04470227006500631,0.06945555200036324
12,9,12002035,2000,93.299621336,011110001010,91.332475666,011010010010,545,268,44.85701068,0.04470227006500631,0.08577041300031851
12,10,12002036,2000,93.299621336,100001110101,87.521788706,011110101000,541,257,44.85701068,0.04470227006500631,0.06421994399988762
12,11,12002037,2000,93.299621336,011110001010,93.299621336,100001110101,569,290,44.85701068,0.04470227006500631,0.07646638799997163
12,12,12002038,2000,93.299621336,011110001010,87.521788706,100001010111,555,277,44.85701068,0.04470227006500631,0.08276000499972724
12,13,12002039,2000,91.982183253,100001111101,87.521788706,100001010111,532,262,44.85701068,0.04470227006500631,0.07696826299979875
12,14,12002040,2000,93.299621336,100001110101,93.299621336,100001110101,513,263,44.85701068,0.04470227006500631,0.06996375700009594
12,15,12002041,2000,93.299621336,100001110101,91.332475666,100101101101,564,275,44.85701068,0.04470227006500631,0.06753602500020861
12,16,12002042,2000,93.299621336,011110001010,93.299621336,011110001010,586,299,44.85701068,0.04470227006500631,0.07283205499970791
12,17,12002043,2000,93.299621336,011110001010,93.299621336,011110001010,559,278,44.85701068,0.04470227006500631,0.08053061399959915
12,18,12002044,2000,93.299621336,100001110101,87.521788706,100001010111,575,279,44.85701068,0.04470227006500631,0.06630049300019891
12,19,12002045,2000,93.299621336,011110001010,93.299621336,011110001010,524,262,44.85701068,0.04470227006500631,0.07936712499986243
12,20,12002046,2000,93.299621336,011110001010,93.299621336,011110001010,573,293,44.85701068,0.04470227006500631,0.08662976200002959
12,21,12002047,2000,93.299621336,011110001010,87.521788706,011110101000,562,269,44.85701068,0.04470227006500631,0.06810928000004424
12,22,12002048,2000,93.299621336,100001110101,93.299621336,100001110101,554,276,44.85701068,0.04470227006500631,0.0701454290001493
12,23,12002049,2000,93.299621336,011110001010,91.332475666,011010010010,546,263,44.85701068,0.04470227006500631,0.06265037000002849
12,24,12002050,2000,93.299621336,011110001010,93.299621336,011110001010,552,275,44.85701068,0.04470227006500631,0.06759431499995117
12,25,12002051,2000,93.299621336,011110001010,87.521788706,011110101000,542,271,44.85701068,0.04470227006500631,0.07451874999969732
12,26,12002052,2000,93.299621336,011110001010,93.299621336,011110001010,555,273,44.85701068,0.04470227006500631,0.06583677900016482
12,27,12002053,2000,92.62007475200001,011110001110,85.55464303599999,100101001111,529,266,44.85701068,0.04470227006500631,0.06808894999994664
12,28,12002054,2000,93.299621336,100001110101,87.521788706,100001010111,544,273,44.85701068,0.04470227006500631,0.06489235999970333
12,29,12002055,2000,93.299621336,100001110101,85.55464303599999,100101001111,559,277,44.85701068,0.04470227006500631,0.06564944699994157
12,30,12002056,2000,93.299621336,011110001010,93.299621336,011110001010,571,280,44.85701068,0.04470227006500631,0.06344049700010146
12,31,12002057,2000,93.299621336,011110001010,87.521788706,011110101000,566,273,44.85701068,0.04470227006500631,0.06999844699976165
12,32,12002058,2000,93.299621336,100001110101,93.299621336,100001110101,572,277,44.85701068,0.04470227006500631,0.07568295100008982
12,33,12002059,2000,93.299621336,011110001010,93.299621336,011110001010,547,272,44.85701068,0.04470227006500631,0.07357692100003987
12,34,12002060,2000,93.299621336,100001110101,93.299621336,100001110101,576,280,44.85701068,0.04470227006500631,0.07520728600002258
12,35,12002061,2000,93.299621336,011110001010,93.299621336,011110001010,543,271,44.85701068,0.04470227006500631,0.07576773099981438
12,36,12002062,2000,93.299621336,011110001010,87.521788706,011110101000,565,278,44.85701068,0.04470227006500631,0.07067085300013787
12,37,12002063,2000,93.299621336,011110001010,93.299621336,011110001010,544,283,44.85701068,0.04470227006500631,0.06205892499974652
12,38,12002064,2000,93.299621336,100001110101,85.55464303599999,011010110000,537,265,44.85701068,0.04470227006500631,0.065292073999899
12,39,12002065,2000,93.299621336,011110001010,93.299621336,011110001010,599,297,44.85701068,0.04470227006500631,0.07214696799974263
12,40,12002066,2000,93.299621336,011110001010,93.299621336,011110001010,565,288,44.85701068,0.04470227006500631,0.07135629999993398
12,41,12002067,2000,93.299621336,100001110101,93.299621336,100001110101,557,272,44.85701068,0.04470227006500631,0.06676452800002153
12,42,12002068,2000,93.299621336,011110001010,93.299621336,011110001010,556,281,44.85701068,0.04470227006500631,0.07592063199990662
12,43,12002069,2000,93.299621336,100001110101,91.332475666,011010010010,559,281,44.85701068,0.04470227006500631,0.08229371200013702
12,44,12002070,2000,93.299621336,100001110101,93.299621336,100001110101,558,285,44.85701068,0.04470227006500631,0.07001867799999673
12,45,12002071,2000,93.299621336,011110001010,87.521788706,011110101000,565,279,44.85701068,0.04470227006500631,0.06931412099993395
12,46,12002072,2000,90.652929082,011010010110,85.55464303599999,011010110000,585,278,44.85701068,0.04470227006500631,0.06879780700000993
12,47,12002073,2000,93.299621336,011110001010,87.521788706,011110101000,544,275,44.85701068,0.04470227006500631,0.0723027290000573
12,48,12002074,2000,93.299621336,011110001010,91.332475666,100101101101,562,279,44.85701068,0.04470227006500631,0.08300214700011566
12,49,12002075,2000,93.299621336,100001110101,93.299621336,100001110101,576,292,44.85701068,0.04470227006500631,0.06917083100006494
12,50,12002076,2000,93.299621336,011110001010,93.299621336,100001110101,555,274,44.85701068,0.04470227006500631,0.09444081300034668
12,51,12002077,2000,93.299621336,011110001010,93.299621336,011110001010,571,282,44.85701068,0.04470227006500631,0.07071363399973052
12,52,12002078,2000,93.299621336,011110001010,93.299621336,011110001010,563,279,44.85701068,0.04470227006500631,0.08771714300019084
12,53,12002079,2000,93.299621336,100001110101,93.299621336,100001110101,578,290,44.85701068,0.04470227006500631,0.08167355599971415
12,54,12002080,2000,93.299621336,100001110101,91.332475666,011010010010,551,275,44.85701068,0.04470227006500631,0.08023835099993448
12,55,12002081,2000,93.299621336,011110001010,87.521788706,011110101000,560,284,44.85701068,0.04470227006500631,0.07247682099978192
12,56,12002082,2000,93.299621336,100001110101,93.299621336,100001110101,596,302,44.85701068,0.04470227006500631,0.0725436519996947
12,57,12002083,2000,93.299621336,011110001010,93.299621336,011110001010,570,284,44.85701068,0.04470227006500631,0.06913006900003893
12,58,12002084,2000,93.299621336,100001110101,93.299621336,100001110101,564,278,44.85701068,0.04470227006500631,0.07072841499984861
12,59,12002085,2000,93.299621336,100001110101,93.299621336,100001110101,590,287,44.85701068,0.04470227006500631,0.07135977000007188
12,60,12002086,2000,93.299621336,011110001010,87.521788706,011110101000,554,275,44.85701068,0.04470227006500631,0.11660518899998351
12,61,12002087,2000,93.299621336,100001110101,93.299621336,100001110101,531,262,44.85701068,0.04470227006500631,0.09824992900030338
12,62,12002088,2000,93.299621336,011110001010,93.299621336,011110001010,517,267,44.85701068,0.04470227006500631,0.08243047300038597
12,63,12002089,2000,93.299621336,100001110101,93.299621336,100001110101,561,279,44.85701068,0.04470227006500631,0.0699404870001672
12,64,12002090,2000,93.299621336,100001110101,93.299621336,100001110101,551,277,44.85701068,0.04470227006500631,0.055331372000182455
12,65,12002091,2000,93.299621336,100001110101,93.299621336,100001110101,538,255,44.85701068,0.04470227006500631,0.06241192700008469
12,66,12002092,2000,93.299621336,011110001010,93.299621336,011110001010,511,261,44.85701068,0.04470227006500631,0.06795685899987802
12,67,12002093,2000,93.299621336,011110001010,93.299621336,011110001010,568,287,44.85701068,0.04470227006500631,0.06866544500007876
12,68,12002094,2000,93.299621336,011110001010,93.299621336,100001110101,544,281,44.85701068,0.04470227006500631,0.07218989800003328
12,69,12002095,2000,93.299621336,011110001010,93.299621336,011110001010,560,272,44.85701068,0.04470227006500631,0.07334245900028691
12,70,12002096,2000,93.299621336,011110001010,93.299621336,011110001010,538,263,44.85701068,0.04470227006500631,0.06956182399972022
12,71,12002097,2000,93.299621336,011110001010,93.299621336,011110001010,531,268,44.85701068,0.04470227006500631,0.07637929600014104
12,72,12002098,2000,92.62007475200001,011110001110,87.521788706,011110101000,609,299,44.85701068,0.04470227006500631,0.07069951399989804
12,73,12002099,2000,93.299621336,011110001010,87.521788706,011110101000,555,273,44.85701068,0.04470227006500631,0.07131339999978081
12,74,12002100,2000,93.299621336,011110001010,87.521788706,011110101000,555,274,44.85701068,0.04470227006500631,0.06653448600036427
12,75,12002101,2000,93.299621336,011110001010,91.332475666,011010010010,544,270,44.85701068,0.04470227006500631,0.06564741700003651
12,76,12002102,2000,93.299621336,100001110101,93.299621336,100001110101,540,267,44.85701068,0.04470227006500631,0.07137866100038082
12,77,12002103,2000,93.299621336,011110001010,93.299621336,011110001010,574,282,44.85701068,0.04470227006500631,0.07464846099992428
12,78,12002104,2000,93.299621336,011110001010,93.299621336,011110001010,532,262,44.85701068,0.04470227006500631,0.06635890300003666
12,79,12002105,2000,93.299621336,100001110101,93.299621336,100001110101,562,274,44.85701068,0.04470227006500631,0.06380037999997512
12,80,12002106,2000,93.299621336,100001110101,87.521788706,011110101000,553,270,44.85701068,0.04470227006500631,0.07096698700024717
12,81,12002107,2000,93.299621336,100001110101,93.299621336,100001110101,543,273,44.85701068,0.04470227006500631,0.074381307999829
12,82,12002108,2000,93.299621336,011110001010,91.332475666,011010010010,519,259,44.85701068,0.04470227006500631,0.07447129000001951
12,83,12002109,2000,90.652929082,100101101001,87.521788706,011110101000,542,273,44.85701068,0.04470227006500631,0.08399019600028623
12,84,12002110,2000,93.299621336,100001110101,93.299621336,100001110101,548,267,44.85701068,0.04470227006500631,0.06610798199972123
12,85,12002111,2000,93.299621336,011110001010,85.55464303599999,011010110000,592,292,44.85701068,0.04470227006500631,0.06596239999998943
12,86,12002112,2000,93.299621336,100001110101,93.299621336,011110001010,531,261,44.85701068,0.04470227006500631,0.06596740099985254
12,87,12002113,2000,93.299621336,011110001010,93.299621336,011110001010,543,264,44.85701068,0.04470227006500631,0.059469430000262946
12,88,12002114,2000,93.299621336,011110001010,93.299621336,100001110101,553,273,44.85701068,0.04470227006500631,0.07064080400004968
12,89,12002115,2000,93.299621336,011110001010,93.299621336,011110001010,567,280,44.85701068,0.04470227006500631,0.06457208800020453
12,90,12002116,2000,93.299621336,011110001010,93.299621336,011110001010,576,287,44.85701068,0.04470227006500631,0.06978048599967224
12,91,12002117,2000,93.299621336,100001110101,91.332475666,100101101101,557,279,44.85701068,0.04470227006500631,0.07361534100027711
12,92,12002118,2000,93.299621336,011110001010,91.332475666,011010010010,557,275,44.85701068,0.04470227006500631,0.07194205499990858
12,93,12002119,2000,93.299621336,100001110101,93.299621336,011110001010,552,272,44.85701068,0.04470227006500631,0.07190672499973516
12,94,12002120,2000,93.299621336,100001110101,93.299621336,100001110101,572,289,44.85701068,0.04470227006500631,0.0700102880000486
12,95,12002121,2000,93.299621336,011110001010,93.299621336,011110001010,546,273,44.85701068,0.04470227006500631,0.08942864799973904
12,96,12002122,2000,93.299621336,100001110101,87.521788706,011110101000,561,291,44.85701068,0.04470227006500631,0.0666588470003262
12,97,12002123,2000,93.299621336,011110001010,93.299621336,011110001010,549,275,44.85701068,0.04470227006500631,0.07032431000016004
12,98,12002124,2000,93.299621336,011110001010,93.299621336,100001110101,539,263,44.85701068,0.04470227006500631,0.07122048900009759
12,99,12002125,2000,93.299621336,100001110101,93.299621336,100001110101,549,274,44.85701068,0.04470227006500631,0.07171422400006122
